Station ID,Total Days,Completeness,90th Percentile Precip
USC00305380,1998,8.682803876406936%,114.0
US1FLPN0005,1814,7.883186302203295%,107.0
USC00303786,5620,24.423101994698186%,107.0
USC00319462,633,2.750858285167963%,124.0
US1TXCHM006,552,2.398852722610925%,73.7
US1FLDV0066,70,0.30420233801225505%,64.7
USC00510240,13560,58.92833862065968%,97.2
USC00416015,0,0.0%,
USC00305798,945,4.106731563165442%,131.2
US1NCPM0015,0,0.0%,
US1GACT0003,1709,7.426882795184911%,97.4
USC00085653,6774,29.438094824214506%,112.0
USC00085660,0,0.0%,
USC00086040,0,0.0%,
US1FLMD0049,0,0.0%,
US1FLFR0002,0,0.0%,
US1FLBW0036,0,0.0%,
US1NCCN0067,0,0.0%,
USC00286560,5000,21.728738429446786%,89.0
US1FLFR0001,1102,4.789013949850072%,114.0
USC00305821,14729,64.00851766546435%,107.0
US1NCDR0021,254,1.1038199122158967%,115.5
US1FLMD0029,149,0.6475164051975142%,244.0
USC00516893,56,0.243361870409804%,0.0
USW00013766,15294,66.46386510799182%,114.0
US1GAGN0003,187,0.8126548172613098%,88.2
US1FLSS0002,1552,6.744600408500283%,74.0
US1FLLE0023,974,4.232758246056234%,129.1
US1MSHC0018,0,0.0%,
US1SCCR0044,622,2.7030550606231802%,94.0
US1NCBR0031,211,0.9169527617226545%,79.0
US1FLCT0008,1600,6.953196297422972%,122.0
US1TXHRR086,130,0.5649471991656165%,97.3
US1TXCHM003,169,0.7344313589153013%,140.0
USW00013724,22376,97.24045021946026%,86.0
USC00169378,4799,20.855243144583024%,137.0
USC00287865,9774,42.47533788188258%,102.0
USC00083168,10371,45.06974925035853%,122.0
US1SCCR0094,0,0.0%,
US1NCCR0094,0,0.0%,
USC00310576,15004,65.20359827908392%,122.0
USW00094741,5368,23.32797357785407%,104.9
US1NCCN0026,154,0.669245143626961%,346.5
US1FLPN0053,0,0.0%,
USR0000JEBF,0,0.0%,
USC00442368,11243,48.85924123245404%,107.0
US1FLPN0004,1567,6.809786623788623%,114.0
USC00375882,0,0.0%,
US1NCNH0010,351,1.5253574377471644%,112.0
US1FLMN0024,0,0.0%,
USW00013782,22956,99.76098387727609%,94.0
US1HIKI0003,0,0.0%,
US1GACM0002,181,0.7865803311459736%,318.0
USW00093826,2172,9.438963973751683%,136.8
USR0000FOCH,0,0.0%,
US1FLMA0011,442,1.9208204771630961%,217.8
US1NCCN0005,368,1.5992351484072835%,97.6
USC00511038,12914,56.12098561557516%,132.0
USW00093906,2807,12.198513754291426%,107.8
US1FLBW0076,0,0.0%,
USC00087395,5482,23.823388814045458%,107.0
US1SCCR0022,1485,6.453435313545695%,114.0
US1TXCLH014,0,0.0%,
US1NCCR0016,1641,7.131371952544435%,94.0
USW00012834,23011,100.0%,104.0
US1TXHRR044,542,2.3553952457520317%,96.4
US1NJBG0001,184,0.7996175742036418%,159.1
US1TXGV0018,276,1.1994263613054625%,356.0
US1TXHRR084,122,0.5301812176785016%,348.0
US1TXGV0023,823,3.576550345486941%,53.0
US1FLMD0059,0,0.0%,
USW00012930,22810,99.12650471513625%,137.0
USC00318380,2632,11.438007909260788%,96.7
US1TXJJ0002,321,1.3949850071704837%,137.0
US1SCCR0021,528,2.2945547781495805%,114.9
US1NCCR0064,0,0.0%,
US1SCDC0003,1700,7.387771066011907%,117.2
US1TXHRR147,0,0.0%,
US1NCPD0010,440,1.9121289817913172%,127.0
US1NCBR0036,0,0.0%,
USC00303042,4047,17.587240884794227%,107.0
USC00515710,10825,47.04271869975229%,76.0
USC00377581,5359,23.288861848681066%,114.0
US1NCNH0035,210,0.912607014036765%,124.0
USW00012946,3438,14.94068054408761%,15.0
US1SCCR0064,135,0.5866759375950633%,105.8
US1LASB0001,799,3.472252401025597%,130.0
US1FLBW0027,267,1.1603146321324582%,132.2
US1TXCHM002,172,0.7474686019729695%,156.0
USC00080211,22666,98.50071704836817%,107.0
US1NJES0018,150,0.6518621528834037%,74.2
USC00515864,21532,93.57263917256964%,20.0
USC00081310,6494,28.221285472165487%,94.0
US1FLBW0024,122,0.5301812176785016%,378.5
US1FLBW0028,542,2.3553952457520317%,146.8
USW00013899,22983,99.8783190647951%,132.0
USC00417179,19653,85.40697927078354%,28.0
USC00163979,21364,92.84255356134022%,109.0
US1MSHC0009,1385,6.01886054495676%,160.0
US1SCCR0053,497,2.1598365998870106%,155.8
USW00093859,5015,21.793924644735128%,132.0
US1GAGN0005,1013,4.402242405805919%,74.0
US1FLLE0006,1663,7.2269784016340015%,127.0
USC00316304,0,0.0%,
US1FLHB0006,485,2.1076876276563383%,89.0
US1RINW0009,0,0.0%,
USC00084518,8287,36.0132110729651%,140.0
US1LAJF0005,716,3.1115553430967795%,137.0
USC00083163,22569,98.0791795228369%,132.0
USC00518775,0,0.0%,
US1SCBF0050,0,0.0%,
USC00081858,4665,20.272912954673853%,165.0
US1FLSS0019,646,2.807353005084525%,128.5
USC00084366,22681,98.56590326365651%,102.0
US1RIWS0020,0,0.0%,
US1FLCT0007,1895,8.235191864760331%,137.0
US1FLCH0015,1044,4.536960584068489%,118.4
US1RIKN0002,1624,7.057494241884315%,117.0
US1FLDV0001,1284,5.579940028681935%,68.1
USC00305799,757,3.289730998218243%,89.0
US1RIPR0014,1457,6.331754378340794%,125.2
US1FLMD0042,0,0.0%,
USC00416435,0,0.0%,
USC00283704,5843,25.392203728651513%,109.0
US1FLHB0055,1828,7.944026769805745%,109.9
US1TXHRR095,44,0.19121289817913173%,526.6
US1FLPN0047,0,0.0%,
US1FLPS0002,1262,5.484333579592369%,123.8
US1FLMD0040,0,0.0%,
US1NCBR0001,1908,8.291686584676894%,104.0
US1SCBK0032,0,0.0%,
USC00088021,9669,42.0190343748642%,114.0
US1RIPR0011,139,0.6040589283386206%,178.0
US1FLHN0007,1663,7.2269784016340015%,116.4
US1FLSJ0013,161,0.6996653774281866%,145.0
USW00012852,2029,8.817522054669507%,102.0
US1FLCH0010,746,3.241927773673461%,136.0
US1FLMA0007,84,0.365042805614706%,185.6
US1ALBW0052,731,3.17674155838512%,206.0
USC00518573,4875,21.18551996871062%,122.0
USW00063856,2903,12.615705532136804%,88.8
USC00376450,0,0.0%,
USC00087950,5111,22.211116422580503%,140.0
USC00305806,370,1.6079266437790622%,104.3
US1FLVL0005,1865,8.10481943418365%,81.0
USW00013880,23011,100.0%,109.0
USC00302868,0,0.0%,
USC00284260,5195,22.576159228195213%,102.0
US1ALBW0009,1629,7.079222980313762%,160.0
USC00013035,8546,37.13875972361045%,91.0
US1TXHRR031,1433,6.227456433879449%,69.0
USW00012858,8417,36.578158272130715%,69.8
USC00315300,4898,21.285472165486073%,119.0
US1FLBW0021,926,4.0241623571335445%,103.0
US1GACT0048,0,0.0%,
US1NCDR0022,239,1.0386336969275565%,126.2
US1TXHRR170,0,0.0%,
USW00013750,21868,95.03281039502846%,89.0
US1FLDV0011,148,0.6431706575116248%,121.4
USC00514746,3218,13.984616053191951%,145.0
USC00417140,19292,83.83816435617749%,64.0
USW00003853,13793,59.94089783147191%,89.0
USW00093765,4617,20.064317065751165%,104.0
USC00161292,12648,54.96501673112859%,127.0
US1RIPR0004,227,0.9864847246968841%,121.0
US1TXCLH010,863,3.750380252922515%,47.6
US1TXNU0049,190,0.8256920603189779%,23.5
USW00053860,5381,23.38446829777063%,94.0
USW00003852,5612,24.388336013211074%,137.0
US1SCCR0031,236,1.0255964538698883%,148.5
USC00315830,22524,97.88362087697189%,114.0
US1FLLV0001,1813,7.878840554517405%,93.4
US1FLBW0095,0,0.0%,
USC00287393,17939,77.95836773716917%,99.0
US1RINW0003,912,3.963321889531094%,129.4
USC00443713,3325,14.449611055582112%,86.0
US1FLHB0022,151,0.656207900569293%,81.0
US1TXGV0038,203,0.8821867802355394%,113.0
US1FLMD0006,1215,5.280083438355569%,140.0
US1NCBR0013,604,2.624831602277172%,84.0
USC00223671,20582,89.44417887097475%,132.0
US1TXAR0008,226,0.9821389770109947%,17.5
USC00163798,5509,23.94072400156447%,107.0
US1SCCR0082,0,0.0%,
US1FLMD0022,1339,5.818956151405849%,152.6
USC00511195,4605,20.01216809352049%,85.2
USC00287833,314,1.364564773369258%,83.1
US1TXNU0009,483,2.0989961322845594%,183.0
US1NCBR0060,0,0.0%,
US1FLWK0002,1742,7.57029246881926%,103.8
US1FLWK0001,1590,6.909738820564078%,112.0
USC00197475,0,0.0%,
USW00003855,21641,94.04632567033158%,119.0
USW00003882,4244,18.443353178914432%,99.0
US1MSHC0013,896,3.893789926556864%,138.5
USW00014756,17078,74.21667897961845%,91.0
US1TXBRZ020,172,0.7474686019729695%,122.4
US1NCCN0024,503,2.1859110860023465%,96.4
USW00053917,7456,32.40189474599105%,122.0
US1RIPR0035,0,0.0%,
USW00013878,23007,99.98261700925644%,97.0
US1TXCLH008,241,1.0473251922993352%,51.0
US1TXNU0018,440,1.9121289817913172%,183.2
US1FLLE0017,350,1.5210116900612751%,124.8
US1FLPN0020,1159,5.036721567945765%,89.4
US1FLSJ0014,24,0.10429794446134458%,170.2
US1TXGV0007,45,0.19555864586502109%,301.6
USR0000FNAV,0,0.0%,
USW00053865,8834,38.39033505714658%,131.4
USC00166157,12527,54.439181261135985%,137.0
US1NCCN0052,0,0.0%,
US1MSHR0003,493,2.142453609143453%,135.0
USW00012888,5268,22.893398809265133%,119.0
US1TXGV0054,0,0.0%,
US1FLOK0016,1649,7.16613793403155%,124.6
USC00080747,1862,8.091782191125983%,70.8
USC00088775,617,2.6813263221937333%,91.0
USC00163981,1226,5.327886662900352%,104.0
US1TXHRR121,13,0.05649471991656164%,300.8
USW00093719,21705,94.3244535222285%,114.0
US1FLSS0004,297,1.2906870627091391%,74.8
USC00087033,3164,13.749945678153926%,102.0
US1TXNU0056,0,0.0%,
USC00162954,0,0.0%,
US1FLSR0016,818,3.554821607057494%,97.6
US1NCPD0019,0,0.0%,
US1FLHB0040,1771,7.6963191517100515%,127.0
US1NCDR0025,232,1.0082134631263309%,88.5
US1TXGV0049,0,0.0%,
US1LAST0006,1191,5.1757854938942245%,135.0
US1FLHB0093,0,0.0%,
US1FLSS0025,1167,5.07148754943288%,140.0
USW00093718,6767,29.40767459041328%,94.0
USC00514754,3149,13.684759462865587%,66.0
USC00229426,10727,46.61683542653513%,137.0
US1NCCN0009,1655,7.192212420146886%,102.0
US1FLBW0067,1,0.004345747685889357%,0.0
US1VAVBC002,937,4.071965581678328%,251.0
USC00317817,3234,14.054148016166183%,112.0
USC00085648,0,0.0%,
USW00013824,6586,28.621094259267306%,102.0
US1NCDR0008,129,0.5606014514797271%,115.6
US1NYNS0001,291,1.264612576593803%,160.0
US1TXSP0017,185,0.8039633218895311%,0.0
US1TXNU0007,1827,7.9396810221198555%,13.0
US1FLPN0007,1083,4.706444743818174%,154.4
US1NCBR0012,595,2.5857198731041677%,100.0
US1MABR0005,137,0.5953674329668419%,140.2
US1VAVBC010,726,3.1550128199556737%,91.0
US1FLMN0016,443,1.9251662248489854%,141.6
USC00083020,17754,77.15440441527966%,97.0
US1TXGV0041,124,0.5388727130502803%,37.1
US1NCDR0029,0,0.0%,
USW00013737,23009,99.99130850462822%,102.0
US1FLBW0026,898,3.9024814219286426%,97.6
US1SCBK0040,0,0.0%,
USC00165624,7813,33.95332666985355%,137.0
USC00081305,4022,17.478597192646994%,99.0
US1FLLE0027,1146,4.980226848029203%,112.0
USC00375210,0,0.0%,
US1FLVL0001,1770,7.691973404024162%,81.3
US1SCCR0074,1,0.004345747685889357%,0.0
US1SCCR0026,851,3.698231280691843%,201.0
US1RIPR0002,175,0.7605058450306376%,79.0
USR0000FSTM,0,0.0%,
US1TXNU0057,0,0.0%,
US1TXJJ0004,371,1.6122723914649515%,127.0
USC00300621,454,1.9729694493937682%,107.0
USC00518352,3458,15.027595497805397%,48.9
USR0000TMCF,0,0.0%,
US1TXNU0011,1701,7.392116813697797%,18.0
USC00410235,22496,97.76193994176698%,102.0
US1NCCR0004,224,0.973447481639216%,499.6
USC00410183,0,0.0%,
US1FLLV0012,53,0.23032462735213594%,21.4
USC00192642,9569,41.58445960627526%,102.0
US1FLLE0010,1400,6.0840467602451005%,99.3
US1NJAT0009,1303,5.662509234713832%,119.0
US1FLPN0035,645,2.8030072573986353%,141.2
USW00053848,1551,6.740254660814394%,91.0
USC00317813,2701,11.737864499587154%,104.0
USC00309117,3834,16.661596627699797%,119.0
USC00163829,8116,35.270088218678026%,135.0
US1FLOK0007,1374,5.971057320411976%,107.0
US1FLES0025,0,0.0%,
US1FLMD0033,211,0.9169527617226545%,132.0
US1HIKI0018,0,0.0%,
USC00376703,1216,5.284429186041458%,114.0
US1TXJJ0003,1472,6.396940593629134%,97.0
US1FLPS0004,1770,7.691973404024162%,94.0
US1TXHRR102,31,0.13471817826257007%,343.0
US1FLPN0034,921,4.002433618704098%,122.0
US1NCCR0002,361,1.568814914606058%,272.0
US1TXNU0004,1897,8.243883360132111%,25.0
US1NYKN0003,170,0.7387771066011908%,114.5
USC00085345,267,1.1603146321324582%,51.0
US1FLHB0044,1911,8.304723827734561%,107.0
USC00082944,21400,92.99900047803224%,104.0
US1FLHB0015,1912,8.309069575420452%,119.0
USC00220519,10917,47.44252748685411%,114.0
US1NCBR0056,0,0.0%,
US1FLBW0047,0,0.0%,
US1FLHB0003,1706,7.413845552127244%,124.0
USC00087397,16950,73.6604232758246%,109.0
US1FLMD0041,0,0.0%,
USC00284339,16461,71.53535265742471%,102.0
USC00167368,3165,13.754291425839815%,152.0
US1FLHB0047,1304,5.666854982399721%,179.4
USC00413210,3380,14.688627178306026%,41.0
US1NCNH0045,0,0.0%,
US1GAGN0007,0,0.0%,
US1VAYR0001,1866,8.10916518186954%,94.0
USC00413340,22495,97.7575941940811%,86.0
US1TXHRR113,105,0.4563035070183825%,149.8
US1TXHRR168,0,0.0%,
USC00087869,3712,16.131415410021294%,102.0
US1FLPN0003,321,1.3949850071704837%,81.0
USC00099177,0,0.0%,
USC00514750,6365,27.66068402068576%,168.0
US1ALMB0067,0,0.0%,
USW00092802,275,1.1950806136195733%,134.8
US1FLSS0027,1572,6.83151536221807%,114.0
US1TXSP0013,614,2.6682890791360654%,10.0
USW00012894,5300,23.032462735213592%,107.0
US1GACT0059,0,0.0%,
US1ALBW0035,598,2.5987571161618357%,340.0
US1SCCR0077,0,0.0%,
USC00374266,22929,99.64364868975707%,114.0
US1NJBG0008,1376,5.979748815783756%,119.0
US1MSHR0034,0,0.0%,
USW00053862,5342,23.21498413802095%,64.0
USC00086210,3464,15.053669983920734%,103.4
US1SCCR0057,854,3.7112685237495113%,99.0
US1TXHRR001,120,0.5214897223067229%,185.6
USC00305816,4016,17.45252270653166%,99.0
USC00166669,14900,64.75164051975142%,124.0
USC00375610,0,0.0%,
US1TXCLH015,0,0.0%,
US1FLHB0110,0,0.0%,
US1FLPN0043,199,0.8648037894919821%,130.4
US1FLHB0005,1925,8.365564295337013%,131.2
US1TXHRR217,0,0.0%,
USW00012976,5313,23.088957455130156%,74.0
USC00169319,12660,55.01716570335926%,130.0
USW00092805,5349,23.245404371822172%,104.0
USC00446054,10703,46.51253748207379%,104.0
US1FLOK0026,900,3.9111729173004215%,155.2
US1NCCR0053,148,0.6431706575116248%,135.6
US1FLDV0044,682,2.9637999217765416%,74.0
US1VAPRC002,1991,8.65238364260571%,119.0
US1FLMD0010,293,1.2733040719655817%,211.0
US1NCNH0042,0,0.0%,
US1FLHB0046,845,3.6721567945765066%,224.0
USC00317170,2010,8.734952848637608%,117.0
US1VAPQC001,1685,7.322584850723566%,104.0
USR0000GSTA,0,0.0%,
US1ALBW0031,1743,7.57463821650515%,137.0
USW00022526,334,1.4514797270870454%,28.0
US1RIPR0007,1488,6.466472556603364%,124.9
US1NCCR0088,0,0.0%,
USC00412014,10941,47.54682543131546%,25.0
US1ALBW0066,0,0.0%,
US1NCBR0034,273,1.1863891182477946%,163.0
USC00080414,2924,12.70696623354048%,58.0
US1SCHR0077,0,0.0%,
USR0000NNWB,0,0.0%,
USC00515575,13000,56.49471991656164%,79.0
US1SCCR0088,0,0.0%,
USC00086836,0,0.0%,
USC00098931,727,3.1593585676415623%,102.0
USC00080940,5587,24.27969232106384%,127.0
US1FLHB0103,0,0.0%,
US1RIWS0008,616,2.676980574507844%,141.0
US1MSHR0027,450,1.9555864586502107%,117.5
US1SCCR0014,216,0.9386815001521012%,127.0
US1TXGV0035,174,0.7561600973447481%,182.6
USC00418947,0,0.0%,
USC00305804,11925,51.82304115423059%,104.0
US1NCDR0011,547,2.3771239841814786%,77.2
US1FLES0021,0,0.0%,
US1FLPN0022,284,1.2341923427925774%,98.4
US1VASFC005,792,3.4418321672243706%,146.8
USC00414531,2403,10.442831689192126%,94.0
US1NCNH0031,229,0.9951762200686628%,155.6
US1NCPD0017,83,0.3606970579288167%,85.6
US1FLMD0007,1767,7.678936160966495%,127.0
USC00164348,0,0.0%,
US1FLSS0011,154,0.669245143626961%,264.0
US1TXJJ0010,172,0.7474686019729695%,229.5
US1FLPN0013,1562,6.788057885359176%,122.0
US1FLVL0022,0,0.0%,
US1FLPN0016,1861,8.087436443440094%,114.0
US1TXGV0028,401,1.7426448220416322%,112.0
US1FLMD0017,1193,5.184476989266003%,81.0
USC00089430,14830,64.44743818173917%,112.0
US1SCCR0033,1668,7.248707140063448%,91.0
US1FLLE0003,362,1.5731606622919472%,152.0
US1FLBW0005,186,0.8083090695754205%,244.0
USC00417173,6511,28.295163182825604%,97.0
USC00082114,8389,36.45647733692582%,107.0
USC00282652,5143,22.350180348528966%,102.0
US1NCCR0070,0,0.0%,
US1FLBW0008,321,1.3949850071704837%,257.0
US1TXCLH004,189,0.8213463126330885%,254.0
USW00012885,5234,22.7456433879449%,94.0
US1TXNU0024,1234,5.362652644387467%,33.0
US1FLCH0017,735,3.1941245491286776%,69.0
US1TXCMR059,260,1.129894398331233%,15.0
USR0000TSAB,0,0.0%,
US1NCCN0034,0,0.0%,
US1FLHN0002,1788,7.770196862370171%,114.9
USC00519955,14893,64.7212202859502%,66.0
US1FLHB0052,511,2.220677067489462%,25.0
USC00287545,3765,16.36174003737343%,112.0
US1NCBR0006,1461,6.349137369084351%,117.0
US1FLHB0064,724,3.1463213245838944%,175.0
USC00080025,487,2.116379123028117%,117.8
US1MSJC0015,428,1.859980009560645%,279.9
USR0000VCHI,0,0.0%,
USC00515785,6300,27.37821042110295%,51.0
US1FLHB0029,1733,7.531180739646256%,130.0
USC00080535,3559,15.466516014080224%,117.0
US1FLES0010,1773,7.7050106470818305%,137.0
US1GACT0006,1581,6.870627091391074%,117.0
US1ALBW0015,226,0.9821389770109947%,420.5
US1RIPR0027,0,0.0%,
US1SCBK0021,1146,4.980226848029203%,76.0
USC00418683,0,0.0%,
US1NCCR0061,0,0.0%,
USC00514748,1111,4.828125679023076%,43.0
US1SCCR0019,238,1.034287949241667%,381.3
USC00300958,0,0.0%,
US1GACT0008,1582,6.874972839076963%,78.5
USC00081716,3025,13.145886749815306%,97.0
US1TXCHM005,727,3.1593585676415623%,51.8
US1TXCMR045,268,1.1646603798183477%,18.6
USC00385628,15829,68.78884011994263%,114.0
USW00012832,5105,22.18504193646517%,95.8
US1RIPR0017,1294,5.623397505540828%,137.0
USW00093729,20391,88.61414106296989%,119.0
US1SCCR0048,503,2.1859110860023465%,117.0
US1MABR0019,0,0.0%,
US1SCCR0060,396,1.7209160836121853%,80.0
USC00284931,5247,22.80213810786146%,112.0
US1GACT0040,0,0.0%,
US1FLMN0023,65,0.28247359958280827%,44.8
USC00442504,13122,57.024901134240146%,107.0
US1FLCH0003,1117,4.854200165138412%,26.2
US1FLLE0015,314,1.364564773369258%,243.1
US1ALBW0053,1475,6.409977836686802%,146.2
US1RIBR0001,309,1.3428360349398114%,191.4
USC00167767,21798,94.7286080570162%,132.9
US1FLMA0008,379,1.6470383729520663%,86.6
US1SCCR0058,233,1.0125592108122203%,90.6
US1NJES0020,93,0.40415453478771024%,95.8
US1FLLE0024,746,3.241927773673461%,109.5
US1FLMN0021,33,0.14340967363434878%,7.4
US1FLPS0012,292,1.2689583242796925%,124.0
US1FLHB0037,1861,8.087436443440094%,124.0
USC00446147,3561,15.475207509452002%,107.0
US1FLBW0029,739,3.2115075398722355%,141.4
US1MSHR0008,684,2.9724914171483205%,170.6
USC00080520,6135,26.66116205293121%,124.0
USC00314136,0,0.0%,
US1NCCR0009,1907,8.287340836991005%,102.0
US1SCCR0004,686,2.981182912520099%,201.0
USC00087254,17675,76.8110903480944%,127.0
USC00165207,0,0.0%,
US1NCBR0022,596,2.5900656207900568%,81.0
USC00375225,454,1.9729694493937682%,76.6
USW00014708,4091,17.77845378297336%,97.0
US1FLHB0069,505,2.1946025813741254%,133.0
USC00376714,0,0.0%,
US1NCBR0053,0,0.0%,
USC00287131,3094,13.445743340141671%,109.0
USC00087261,3852,16.739820086045803%,79.0
USR0000SSAV,0,0.0%,
USC00086828,4485,19.490678371213768%,114.0
US1NJHD0001,1718,7.465994524357916%,122.0
US1FLMA0003,1656,7.196558167832776%,74.0
USW00093741,4370,18.99091738733649%,89.0
US1FLDV0004,338,1.4688627178306026%,160.9
USW00093840,0,0.0%,
US1FLOK0019,1916,8.326452566164008%,115.5
USW00014765,23011,100.0%,102.0
US1TXGV0029,343,1.4905914562600495%,104.0
USW00012882,5305,23.05419147364304%,122.0
USW00012849,5227,22.715223154143672%,114.0
US1FLVL0013,100,0.43457476858893573%,5.0
US1GACT0057,0,0.0%,
US1NCCN0012,1091,4.741210725305288%,109.0
US1NCCR0065,0,0.0%,
US1NCBR0026,459,1.9946981878232148%,109.6
USC00318547,0,0.0%,
US1NCCR0084,0,0.0%,
US1FLBY0011,0,0.0%,
US1NCPM0011,301,1.3080700534526966%,132.0
US1NJBG0012,276,1.1994263613054625%,98.0
US1FLOK0029,1736,7.544217982703924%,105.5
US1VAAC0008,783,3.4027204380513667%,69.0
USC00305796,19833,86.18921385424362%,102.0
USW00012871,5011,21.77654165399157%,84.0
USC00081832,307,1.3341445395680327%,169.4
US1NYRC0002,471,2.0468471600538876%,104.0
US1NCPM0020,0,0.0%,
US1MSHR0005,137,0.5953674329668419%,147.4
US1FLHB0032,1296,5.6320890009126074%,97.0
USC00085667,4932,21.43322758680631%,150.0
US1FLSR0012,1198,5.20620572769545%,124.0
US1FLPN0006,1918,8.335144061535788%,86.0
USW00092826,2143,9.312937290860893%,108.8
USW00014734,23011,100.0%,102.0
US1SCCR0002,1347,5.8537221328929645%,95.2
USC00081556,819,3.559167354743384%,102.0
US1FLHB0023,1863,8.096127938811874%,114.0
US1FLBY0010,118,0.5127982269349441%,140.0
USC00087189,1488,6.466472556603364%,132.0
USC00518958,12646,54.95632523575681%,203.0
USC00412348,0,0.0%,
USR0000RNIN,0,0.0%,
USW00094789,19841,86.22397983573073%,97.0
US1NCCR0045,277,1.2037721089913518%,127.0
US1SCCR0010,1594,6.927121811307635%,96.1
US1VANRC001,195,0.8474207987484247%,203.0
USC00166678,2548,11.072965103646082%,130.0
US1FLMN0018,560,2.4336187040980404%,107.2
USC00167519,0,0.0%,
US1SCCR0056,493,2.142453609143453%,145.0
US1NCDR0028,0,0.0%,
US1TXHRR094,278,1.2081178566772413%,124.9
USW00012850,20208,87.81886923645213%,69.0
USC00316452,5371,23.341010820911738%,117.0
USC00372826,45,0.19555864586502109%,126.8
US1FLLE0022,1377,5.984094563469645%,89.0
US1FLMD0023,1034,4.4935031072095954%,74.0
US1MSHR0021,406,1.7643735604710789%,133.5
US1MSJC0016,1349,5.8624136282647425%,132.6
USC00165296,9991,43.41836512972057%,132.0
US1TXGV0033,158,0.6866281343705184%,190.4
US1NCCR0022,585,2.542262396245274%,127.0
US1GACT0014,957,4.158880535396115%,127.2
US1FLSS0034,1094,4.754247968362957%,129.1
US1FLES0013,1244,5.4061101212463605%,191.5
US1VAHMC004,1564,6.7967493807309545%,102.0
US1GACT0018,663,2.881230715744644%,203.0
US1NCCN0048,0,0.0%,
USC00223667,4018,17.461214201903438%,142.0
US1FLMD0060,0,0.0%,
USW00092809,4971,21.602711746555993%,132.0
USC00220792,21883,95.0979966103168%,130.0
US1VACSC004,0,0.0%,
US1RIWS0018,101,0.4389205162748251%,81.0
US1MSHR0002,373,1.6209638868367304%,136.8
US1RIWS0019,0,0.0%,
US1NCBR0045,0,0.0%,
US1FLBY0007,121,0.5258354699926122%,208.0
US1FLPN0002,1717,7.4616487766720265%,117.8
USW00012917,23009,99.99130850462822%,109.0
US1FLWK0007,663,2.881230715744644%,86.0
US1RIPR0024,24,0.10429794446134458%,186.2
USW00003728,3760,16.34001129894398%,114.1
US1LAJF0006,884,3.8416409543261922%,141.4
US1FLMD0036,0,0.0%,
USC00166585,3741,16.257442092912086%,124.0
USC00518949,33,0.14340967363434878%,0.0
US1NCBR0051,0,0.0%,
US1FLPN0058,0,0.0%,
US1NCCN0016,280,1.2168093520490202%,122.5
USC00313336,902,3.9198644126722004%,112.0
US1FLBW0046,0,0.0%,
US1FLLE0005,1689,7.339967841467124%,127.0
US1NCCN0044,0,0.0%,
US1FLES0024,0,0.0%,
USC00166675,14877,64.65168832297596%,130.0
US1FLHB0097,0,0.0%,
US1HIKI0012,0,0.0%,
US1NCPM0002,1823,7.9222980313762985%,117.0
US1GACT0060,0,0.0%,
US1TXGV0036,60,0.26074486115336143%,0.0
US1FLHB0051,1775,7.7137021424536085%,99.0
US1NCCN0019,487,2.116379123028117%,119.0
USC00375110,0,0.0%,
US1SCCR0055,153,0.6648993959410716%,280.0
US1FLCH0011,940,4.085002824735995%,107.2
US1FLDV0043,479,2.081613141541002%,168.0
US1TXGV0046,0,0.0%,
US1NCPD0026,0,0.0%,
US1FLHB0025,1635,7.105297466429099%,105.8
US1FLHN0008,1404,6.1014297509886575%,130.0
USW00003815,5368,23.32797357785407%,117.6
US1FLPS0001,506,2.198948329060015%,166.5
US1FLDV0038,237,1.0299422015557775%,86.0
USW00013745,17560,76.31132936421712%,117.0
US1TXGV0027,225,0.9777932293251054%,89.0
US1NCCN0046,0,0.0%,
USW00012924,23011,100.0%,33.0
US1VAYR0014,0,0.0%,
US1FLMA0018,0,0.0%,
US1ALBW0005,1077,4.680370257702838%,150.0
USC00082441,6385,27.747598974403548%,64.0
US1FLHB0039,427,1.8556342618747557%,222.4
USC00414333,8005,34.7877102255443%,107.0
US1SCCR0037,767,3.3331884750771366%,117.2
USC00166672,14873,64.63430533223242%,135.0
US1FLMD0044,0,0.0%,
US1MSHR0013,1348,5.8580678805788535%,128.5
US1FLVL0029,0,0.0%,
USR0000TBRA,0,0.0%,
US1RIPR0006,345,1.4992829516318282%,208.0
USC00169613,0,0.0%,
USC00160658,5306,23.05853722132893%,107.0
US1GACT0019,1366,5.936291338924862%,91.0
USC00513084,0,0.0%,
US1NCCN0061,0,0.0%,
USC00086841,7788,33.84468297770631%,109.0
USC00084091,13844,60.16253096345226%,132.0
USC00085678,10166,44.178870974751206%,109.0
US1SCCR0045,1192,5.1801312415801135%,73.7
USC00377567,0,0.0%,
US1SCCR0049,1268,5.510408065707705%,124.9
US1FLMD0051,0,0.0%,
USC00516055,3060,13.297987918821432%,76.0
USC00417957,969,4.211029507626788%,114.0
US1TXSP0019,36,0.15644691669201685%,0.0
US1MSJC0012,1347,5.8537221328929645%,138.2
US1NCPD0013,344,1.494937203945939%,140.0
US1TXGV0045,0,0.0%,
USC00013559,8352,36.295684672547914%,127.0
US1NCBR0027,616,2.676980574507844%,92.5
US1NCDR0002,495,2.1511451045152317%,174.0
US1FLMN0008,1868,8.11785667724132%,71.9
US1NCCN0031,0,0.0%,
USC00190270,0,0.0%,
USC00417195,0,0.0%,
US1SCCR0098,0,0.0%,
USC00309466,0,0.0%,
US1FLDV0035,1031,4.4804658641519275%,86.0
US1TXCLH002,1738,7.552909478075703%,46.6
US1FLHB0014,288,1.2515753335361348%,275.0
USC00413640,2412,10.481943418365129%,66.0
US1FLPN0009,1542,6.701142931641389%,98.8
US1NJBG0015,1066,4.632567033158055%,122.0
US1VANNC007,895,3.8894441788709746%,104.0
US1FLHB0060,189,0.8213463126330885%,236.0
US1TXBRZ027,0,0.0%,
USC00511207,0,0.0%,
US1FLPN0046,88,0.38242579635826346%,14.5
USC00516888,8486,36.878014862457086%,307.0
USW00012839,23011,100.0%,124.0
USC00088024,304,1.3211072965103645%,117.0
US1NJUN0020,0,0.0%,
USC00084273,615,2.672634826821955%,100.8
US1TXCLH009,927,4.028508104819434%,41.0
US1FLSS0028,958,4.163226283082004%,82.5
US1FLHB0007,180,0.7822345834600843%,120.3
USC00081306,5489,23.85380904784668%,91.6
US1FLCH0002,692,3.007257398635435%,74.0
US1NCCR0015,225,0.9777932293251054%,117.8
US1FLLE0001,679,2.9507626787188737%,122.0
USC00516231,0,0.0%,
US1NCCR0033,53,0.23032462735213594%,370.0
US1FLDV0021,1587,6.89670157750641%,92.2
USW00014782,0,0.0%,
US1GACT0027,101,0.4389205162748251%,394.0
USC00417176,516,2.2424058059189083%,8.0
US1FLBW0059,0,0.0%,
US1MSHR0007,1351,5.8711051236365215%,137.0
USW00012958,18821,81.79131719612359%,132.0
USW00003876,0,0.0%,
USC00087137,0,0.0%,
US1FLBW0012,502,2.1815653383164575%,111.5
USC00375215,16598,72.13072009039155%,102.0
USC00166671,10343,44.94806831515362%,140.0
US1RIWS0006,1082,4.7020989961322845%,132.0
USC00302964,3512,15.262265872843422%,94.0
US1FLMN0001,1811,7.870149059145626%,71.0
US1GACM0009,594,2.5813741254182783%,122.5
US1FLCH0013,1376,5.979748815783756%,113.0
USC00383505,0,0.0%,
US1NCCN0033,0,0.0%,
US1ALBW0011,1584,6.883664334448741%,147.0
US1FLNS0010,269,1.1690061275042372%,371.4
USC00515462,0,0.0%,
US1NJES0021,12,0.05214897223067229%,342.7
USC00088841,20633,89.66581200295511%,81.0
US1TXHRR093,266,1.155968884446569%,100.5
US1FLMA0002,826,3.5895875885446094%,76.0
USC00518966,12738,55.356134022858626%,249.0
USC00287869,3433,14.918951805658162%,89.0
USC00087886,22949,99.73056364347485%,114.0
US1RIPR0008,509,2.211985572117683%,131.0
USC00376453,0,0.0%,
US1FLHB0071,602,2.616140106905393%,123.0
US1TXCMR069,87,0.37808004867237405%,3.8
US1RIKN0001,1641,7.131371952544435%,135.0
USC00310935,7967,34.622571813480505%,117.0
US1NCBR0025,592,2.5726826300464993%,103.8
US1TXGV0001,397,1.725261831298075%,228.0
USW00013832,151,0.656207900569293%,178.0
US1FLMD0039,0,0.0%,
USC00374750,0,0.0%,
US1FLBW0045,0,0.0%,
US1LAOR0006,1,0.004345747685889357%,0.0
US1FLBW0001,244,1.0603624353570031%,191.5
US1GACT0016,879,3.8199122158967453%,173.4
US1MSHC0007,831,3.611316326974056%,142.0
USC00169298,0,0.0%,
USC00167388,1556,6.76198339924384%,76.0
US1NJBG0002,1749,7.600712702620487%,117.4
US1SCCR0015,968,4.206683759940898%,132.9
USW00003843,0,0.0%,
US1TXNU0021,1355,5.888488114380079%,25.0
USR0000NCRN,0,0.0%,
US1FLMN0013,227,0.9864847246968841%,88.0
USC00316676,3467,15.066707226978401%,107.0
US1FLLE0037,82,0.35635131024292727%,161.2
USC00286320,0,0.0%,
US1NCNH0018,115,0.4997609838772761%,419.0
USC00305382,284,1.2341923427925774%,75.4
US1MSJC0001,313,1.3602190256833688%,54.0
US1FLPN0036,767,3.3331884750771366%,105.2
US1NCCN0022,557,2.420581461040372%,84.8
US1NCNH0025,105,0.4563035070183825%,296.2
US1RIPR0032,0,0.0%,
US1NCBR0004,339,1.473208465516492%,80.0
USC00515560,10157,44.139759245578205%,114.0
US1SCBK0020,1364,5.927599843553083%,118.4
US1FLHB0010,1894,8.230846117074444%,109.0
USC00415659,22669,98.51375429142584%,61.0
US1TXGV0013,844,3.667811046890618%,42.4
US1NCDR0001,447,1.9425492155925428%,254.0
US1TXNU0043,119,0.5171439746208335%,231.4
USC00511170,40,0.1738299074355743%,4068.9
US1TXCHM008,210,0.912607014036765%,57.3
USW00013758,1899,8.25257485550389%,74.0
US1NCNH0030,183,0.7952718265177523%,146.0
US1FLSR0009,1304,5.666854982399721%,123.4
US1FLVL0037,0,0.0%,
USC00313333,735,3.1941245491286776%,13.0
USC00228352,14092,61.240276389552825%,147.0
US1FLHB0043,1720,7.4746860197296945%,132.0
US1FLCH0020,0,0.0%,
USC00417183,2732,11.872582677849724%,48.0
US1FLNS0011,888,3.859023945069749%,102.0
USC00371175,0,0.0%,
USC00510766,3075,13.363174134109773%,74.0
US1FLHB0002,614,2.6682890791360654%,108.4
US1FLCH0006,1223,5.314849419842684%,136.6
USR0000ABNS,0,0.0%,
US1NCCR0008,570,2.4770761809569337%,107.0
USW00012836,21547,93.63782538785797%,71.0
US1NCCN0035,0,0.0%,
US1NJBG0033,427,1.8556342618747557%,94.2
US1NCCR0030,136,0.5910216852809526%,128.5
US1SCCR0087,0,0.0%,
US1FLPS0017,308,1.338490287253922%,122.6
US1GACT0064,0,0.0%,
US1TXHRR024,956,4.154534787710226%,76.0
US1NCDR0024,260,1.129894398331233%,122.0
US1NCCN0036,0,0.0%,
US1FLPN0014,541,2.3510494980661423%,127.0
USC00226780,6457,28.06049280778758%,114.0
USC00225165,1221,5.306157924470905%,137.0
US1FLHB0027,1737,7.548563730389814%,117.8
US1MSJC0007,216,0.9386815001521012%,133.0
US1FLBW0051,0,0.0%,
US1FLNS0006,113,0.49106948850549736%,77.6
USC00318370,0,0.0%,
USC00166661,1642,7.135717700230325%,90.8
US1NCCR0029,508,2.2076398244317934%,104.0
US1RIPR0015,1382,6.005823301899092%,127.0
USC00315116,14716,63.95202294554778%,117.0
USC00416825,1211,5.262700447612011%,132.0
USW00053846,0,0.0%,
US1FLSR0008,1013,4.402242405805919%,135.0
US1FLPS0038,677,2.9420711833470947%,130.0
US1NCBR0061,0,0.0%,
US1VAAC0010,0,0.0%,
US1RIPR0033,0,0.0%,
US1GAGN0008,0,0.0%,
US1NJAT0013,1038,4.510886097953152%,104.0
US1HIKI0014,0,0.0%,
USC00316103,9396,40.8326452566164%,119.0
US1NYRC0001,397,1.725261831298075%,112.8
US1SCHR0032,469,2.0381556646821086%,93.2
USC00220521,11193,48.641953848159574%,136.6
US1HIKI0009,0,0.0%,
USC00514950,11555,50.21511451045152%,64.0
USR0000LSAB,0,0.0%,
US1FLMN0006,1746,7.587675459562818%,74.0
US1NCCN0018,432,1.8773630003042023%,134.2
USC00081635,2099,9.121724392681761%,127.0
USC00515032,0,0.0%,
US1NCNH0016,586,2.5466081439311634%,104.5
USC00162672,0,0.0%,
USC00097740,0,0.0%,
USC00087272,0,0.0%,
US1FLSS0018,504,2.190256833688236%,61.0
USC00518570,3038,13.202381469731867%,99.0
US1NCPD0008,506,2.198948329060015%,132.0
US1NCBR0029,449,1.9512407109643213%,105.0
US1NCCN0030,124,0.5388727130502803%,128.1
US1FLMN0022,76,0.33027682412759113%,21.5
US1FLMD0008,1426,6.197036200078224%,166.5
US1TXNU0045,591,2.5683368823606103%,8.0
US1NCNH0050,0,0.0%,
USC00080531,935,4.063274086306548%,108.2
US1TXJJ0001,1357,5.897179609751857%,109.0
US1FLWT0004,1427,6.201381947764113%,168.8
US1MANT0001,0,0.0%,
US1FLPN0033,945,4.106731563165442%,115.8
US1FLPN0038,243,1.056016687671114%,84.0
US1NCCN0008,1564,6.7967493807309545%,104.0
US1FLWK0004,531,2.307592021207249%,279.0
US1TXHRR046,715,3.1072095954108905%,122.0
US1SCCR0008,1394,6.057972274129764%,71.0
USC00086240,22030,95.73682152014254%,132.0
US1FLMD0026,975,4.237103993742123%,145.0
US1TXGV0051,0,0.0%,
US1MSHR0010,1295,5.6277432532267175%,152.0
US1GACT0055,0,0.0%,
US1FLMD0002,1018,4.423971144235366%,124.0
US1FLBW0016,1617,7.027074008083091%,135.0
US1FLGF0001,371,1.6122723914649515%,348.0
US1FLSS0003,720,3.1289383338403374%,142.0
US1SCCR0001,140,0.6084046760245101%,558.3
US1NJCM0005,178,0.7735430880883056%,279.9
USC00188033,0,0.0%,
US1FLOK0012,406,1.7643735604710789%,87.5
US1RIWS0001,1546,6.718525922384947%,124.0
US1FLMN0025,0,0.0%,
USC00375002,0,0.0%,
US1TXSP0009,226,0.9821389770109947%,111.5
US1FLHB0036,901,3.915518664986311%,198.0
US1NCBR0032,426,1.851288514188866%,113.0
USC00310356,3088,13.419668854026334%,114.0
US1NJES0010,132,0.5736386945373951%,53.0
US1TXNU0015,700,3.0420233801225502%,107.0
US1ALBW0027,1715,7.452957281300248%,128.8
US1GACT0037,0,0.0%,
US1VANRC003,993,4.315327452088131%,97.0
US1NCCN0066,0,0.0%,
US1RIWS0009,1685,7.322584850723566%,120.8
USC00376710,0,0.0%,
USC00080887,1818,7.900569292946852%,109.0
US1TXGV0025,914,3.9720133849028727%,88.1
USC00161560,0,0.0%,
US1NCCR0012,1774,7.70935639476772%,119.0
US1FLLE0029,918,3.9893963756464297%,132.0
USW00093827,0,0.0%,
US1TXNU0051,131,0.5692929468515058%,140.0
US1NJES0015,294,1.277649819651471%,88.1
US1NCNH0005,1472,6.396940593629134%,103.5
US1FLBW0070,0,0.0%,
US1FLHN0024,0,0.0%,
US1GACT0056,0,0.0%,
US1FLMA0006,1859,8.078744948068316%,112.0
USC00300961,4079,17.72630481074269%,119.0
US1TXGV0037,61,0.2650906088392508%,0.0
US1FLHB0034,621,2.6987093129372908%,112.0
USC00418487,7026,30.53322324105863%,15.0
US1MSJC0022,603,2.620485854591282%,116.4
US1TXHRR060,247,1.073399678414671%,127.0
US1FLMD0003,1723,7.487723262787363%,136.6
US1VAPRC003,247,1.073399678414671%,76.0
US1LAJB0001,112,0.486723740819608%,285.6
USC00512222,9048,39.3203250619269%,297.0
USC00315573,635,2.759549780539742%,113.2
US1VAIW0001,518,2.251097301290687%,146.5
US1TXHRR134,0,0.0%,
USW00012859,17620,76.57207422537049%,91.0
US1SCBF0044,0,0.0%,
USC00082150,10214,44.38746686367389%,104.0
US1FLHB0096,0,0.0%,
USC00220218,3916,17.017947937942722%,124.5
US1NCCR0025,193,0.8387293033766459%,80.0
US1RIWS0004,161,0.6996653774281866%,140.0
USW00092806,5290,22.9890052583547%,94.0
US1FLLE0004,454,1.9729694493937682%,373.5
USC00446144,5668,24.631697883620877%,94.0
US1NCCN0064,0,0.0%,
US1FLOK0028,686,2.981182912520099%,115.5
US1MABR0013,638,2.77258702359741%,124.0
USC00160395,0,0.0%,
US1FLOK0014,799,3.472252401025597%,153.0
US1MSHR0019,1005,4.367476424318804%,122.0
USC00088782,12066,52.43579157794098%,109.0
US1FLHB0070,180,0.7822345834600843%,97.2
USC00518217,13525,58.77623745165356%,97.0
US1TXGV0024,823,3.576550345486941%,60.4
US1LAJB0002,870,3.7808004867237406%,109.0
US1TXGV0034,271,1.1776976228760159%,81.0
USC00441687,4294,18.6606405632089%,89.0
US1TXNU0029,158,0.6866281343705184%,41.6
US1NCDR0019,273,1.1863891182477946%,161.4
US1GACT0046,0,0.0%,
US1SCCR0040,124,0.5388727130502803%,277.1
US1FLES0026,0,0.0%,
US1MABR0016,0,0.0%,
US1GACT0025,1322,5.74507844074573%,91.0
US1NCBR0059,0,0.0%,
USC00086315,4149,18.030507148754943%,152.0
US1FLBW0087,0,0.0%,
US1TXGV0003,1178,5.119290773977663%,117.6
US1NJUN0018,125,0.5432184607361696%,112.0
US1SCCR0030,1641,7.131371952544435%,109.0
US1TXCLH003,124,0.5388727130502803%,477.6
US1SCBK0008,205,0.8908782756073182%,540.8
USC00082850,21467,93.29016557298682%,114.0
USW00093836,8517,37.01273304071965%,110.2
US1NCCN0058,0,0.0%,
USW00012835,22094,96.01494937203945%,117.0
US1FLDV0070,0,0.0%,
US1NCPM0003,949,4.124114553909%,124.0
USC00411073,0,0.0%,
USC00097860,8268,35.93064186693321%,84.0
USC00164381,2829,12.294120203380992%,135.0
USC00197293,9699,42.149406805440876%,89.0
US1NCCN0020,605,2.629177349963061%,120.8
US1FLDV0046,832,3.615662074659945%,102.0
USC00305377,21901,95.17622006866281%,104.0
US1SCCR0024,1753,7.618095693364044%,109.0
US1NCCN0059,0,0.0%,
US1FLDV0002,1548,6.727217417756726%,109.0
US1MABR0002,1206,5.240971709182564%,124.0
US1NCCR0090,0,0.0%,
US1NCPM0010,454,1.9729694493937682%,115.5
US1FLMD0055,0,0.0%,
USW00014732,23011,100.0%,97.0
USC00411397,0,0.0%,
US1FLLE0030,810,3.520055625570379%,147.0
US1RIWS0005,1570,6.82282386684629%,122.2
USW00012923,11278,49.011342401460176%,71.0
US1ALBW0008,1776,7.718047890139498%,137.0
US1SCCR0099,0,0.0%,
US1GACT0041,0,0.0%,
USC00376712,0,0.0%,
US1FLDV0050,43,0.18686715049324237%,357.4
US1MDWR0014,0,0.0%,
US1FLPN0021,886,3.8503324496979707%,132.0
US1SCCR0076,0,0.0%,
US1NCNH0055,0,0.0%,
USC00316096,1310,5.692929468515058%,122.0
US1NCCR0031,509,2.211985572117683%,104.6
USW00012873,5190,22.554430489765764%,109.3
USC00220805,0,0.0%,
USC00162271,0,0.0%,
USC00168612,0,0.0%,
US1RIWS0016,0,0.0%,
US1FLMA0009,1118,4.858545912824301%,81.0
USW00093874,5253,22.828212593976794%,113.6
USC00514615,0,0.0%,
US1NCPD0002,145,0.6301334144539569%,82.8
US1TXNU0020,1546,6.718525922384947%,26.5
US1FLSR0005,787,3.420103428794924%,189.2
USC00084412,3153,13.702142453609142%,89.0
USC00318113,21728,94.42440571900396%,114.0
USC00180335,15026,65.29920472817349%,99.0
US1NCCN0023,224,0.973447481639216%,211.5
USC00188380,22643,98.40076485159271%,102.0
US1NJUN0016,14,0.060840467602451%,137.0
US1LAST0010,562,2.442310199469819%,122.0
USC00382735,2679,11.642258050497588%,84.0
US1FLHB0087,310,1.3471817826257009%,69.5
US1FLLE0047,0,0.0%,
US1NCCR0074,0,0.0%,
USC00168539,20732,90.09604102385815%,135.0
US1FLVL0032,0,0.0%,
US1SCCR0096,0,0.0%,
US1GACM0004,1501,6.522967276519926%,122.0
US1NCBR0002,1880,8.17000564947199%,91.0
US1NJCM0013,989,4.297944461344574%,103.4
USC00080540,364,1.581852157663726%,127.0
US1HIKI0019,0,0.0%,
USC00161639,5112,22.215462170266395%,135.0
USC00412013,3283,14.267089652774759%,28.0
USW00073805,951,4.132806049280779%,79.0
US1TXGV0009,1236,5.371344139759246%,118.0
USC00166668,10837,47.09486767198297%,122.0
US1NCBR0069,0,0.0%,
US1MSHC0008,1301,5.653817739342054%,147.0
US1GACT0063,0,0.0%,
USC00417182,13277,57.698492025552994%,56.0
US1FLHN0013,559,2.4292729564121505%,178.0
US1GACT0007,504,2.190256833688236%,122.0
US1FLHB0017,1883,8.18304289252966%,111.4
USW00012842,23011,100.0%,99.0
USW00093852,2327,10.112554865064533%,97.0
USC00088890,0,0.0%,
USC00510456,10835,47.08617617661119%,114.0
US1NCON0047,258,1.1212029029594541%,109.1
USW00014786,1227,5.332232410586242%,89.0
US1FLPN0001,1872,8.135239667984877%,101.7
US1NCPD0020,0,0.0%,
USR0000FLSU,0,0.0%,
US1NCCR0023,130,0.5649471991656165%,319.2
USC00164674,22912,99.56977097909694%,135.0
USW00054797,3688,16.02711746555995%,126.0
US1FLHN0015,109,0.47368649776194%,125.0
US1TXNU0038,1062,4.615184042414498%,27.7
US1NYKN0025,0,0.0%,
US1TXNU0025,817,3.5504758593716046%,56.8
US1NCNH0013,168,0.730085611229412%,150.6
US1TXNU0030,953,4.141497544652557%,18.0
USC00166676,0,0.0%,
USC00086999,4348,18.895310938246926%,152.0
US1FLOK0004,645,2.8030072573986353%,137.0
USW00013753,3087,13.415323106340447%,102.8
US1GACT0038,0,0.0%,
US1NCBR0005,485,2.1076876276563383%,110.0
US1NJBG0011,284,1.2341923427925774%,98.4
US1NJBG0018,1447,6.288296901481901%,117.8
US1TXHRR139,0,0.0%,
US1FLPN0018,1801,7.826691582286732%,109.0
US1NCCN0063,0,0.0%,
USC00417172,13505,58.68932249793577%,119.0
USC00282644,7319,31.80652731302421%,102.0
US1TXNU0010,1670,7.2573986354352265%,20.0
US1RIPR0016,109,0.47368649776194%,193.0
US1HIKI0004,0,0.0%,
US1TXCLH007,402,1.7469905697275219%,78.5
US1FLCH0001,1819,7.9049150406327415%,130.4
US1VAIW0010,0,0.0%,
US1NCDR0015,244,1.0603624353570031%,187.1
USC00162478,6150,26.726348268219546%,147.0
US1FLOK0001,1923,8.356872799965235%,130.0
US1NCCN0003,1686,7.326930598409456%,89.0
USC00085351,8117,35.27443396636391%,74.0
USW00012853,0,0.0%,
USC00082046,3346,14.54087175698579%,71.0
US1NCDR0010,595,2.5857198731041677%,77.0
USC00168108,13733,59.680152970318545%,135.0
USW00012957,5116,22.23284516100995%,18.0
US1SCCR0034,1677,7.287818869236452%,120.2
US1VANNC006,987,4.289252965972796%,107.8
USC00166679,7420,32.24544782929903%,140.0
US1TXNU0042,218,0.94737299552388%,44.6
US1TXOR0001,1416,6.15357872321933%,147.0
US1FLDV0032,1536,6.675068445526053%,89.0
US1FLMN0004,1460,6.344791621398461%,97.2
US1FLOK0017,3158,13.723871192038589%,117.0
US1NCJN0001,736,3.198470296814567%,92.5
USC00312154,198,0.8604580418060926%,92.8
US1GACT0002,1538,6.683759940897832%,99.9
US1VAHMC005,67,0.2911650949545869%,878.2
US1TXCMR058,56,0.243361870409804%,207.0
US1TXHRR028,1610,6.996653774281865%,84.0
US1ALBW0054,805,3.4983268871409323%,178.0
USC00161425,0,0.0%,
USC00081800,1827,7.9396810221198555%,142.0
US1FLLE0039,0,0.0%,
US1FLWT0001,729,3.1680500630133412%,170.0
US1FLMA0015,0,0.0%,
US1FLDV0019,1723,7.487723262787363%,102.0
US1TXGV0004,991,4.306635956716353%,135.0
US1NJCM0036,0,0.0%,
US1FLCH0005,130,0.5649471991656165%,35.3
US1SCBK0037,1,0.004345747685889357%,0.0
USC00085124,5096,22.145930207292164%,137.0
USC00084320,4745,20.620572769545%,66.0
US1NCCR0003,309,1.3428360349398114%,382.6
US1FLBW0033,116,0.5041067315631654%,229.5
USR0000NSUN,0,0.0%,
USC00510470,15681,68.14566946243102%,36.0
US1FLOK0002,1915,8.322106818478119%,135.0
USW00012968,4922,21.389770109947417%,86.0
US1SCCR0013,1650,7.170483681717439%,91.3
US1FLCT0013,0,0.0%,
USC00167160,4744,20.61622702185911%,127.0
US1FLLE0011,1755,7.626787188735822%,103.2
US1FLOK0033,539,2.3423580026943633%,117.0
USC00167427,0,0.0%,
USW00013820,6504,28.26474294902438%,127.0
USC00411885,0,0.0%,
US1RIWS0014,385,1.6731128590674025%,165.0
USW00093828,2127,9.243405327886663%,114.0
USC00519629,21907,95.20229455477815%,13.8
US1NCBR0030,563,2.446655947155708%,103.6
US1FLOK0021,264,1.1472773890747903%,139.1
US1NJBG0013,425,1.8469427665029767%,148.0
US1SCBF0034,0,0.0%,
US1FLPN0024,226,0.9821389770109947%,240.0
US1FLDV0037,1211,5.262700447612011%,102.0
US1NCCR0018,1699,7.383425318326017%,102.0
US1LAJF0003,795,3.454869410282039%,194.8
US1MSHC0011,1066,4.632567033158055%,170.5
US1FLWT0014,356,1.5470861761766113%,130.0
US1FLBW0041,0,0.0%,
US1NCBR0035,182,0.790926078831863%,151.8
USC00081795,4505,19.577593324931556%,72.8
USC00168941,5508,23.93637825387858%,135.0
US1NCCN0004,1730,7.518143496588587%,97.2
US1NCCR0043,128,0.5562557037938377%,98.5
USW00013858,8367,36.36087088783625%,114.0
USC00303825,0,0.0%,
USC00310626,0,0.0%,
USC00083171,9327,40.53278866629004%,127.0
US1SCCR0051,1900,8.256920603189778%,127.0
USR0000TLAG,0,0.0%,
US1MSJC0002,1520,6.605536482551823%,124.0
US1FLPN0060,0,0.0%,
US1FLDV0008,238,1.034287949241667%,76.9
US1TXGV0050,0,0.0%,
US1NCCR0028,703,3.055060623180218%,83.4
US1FLPN0059,0,0.0%,
USR0000NNAC,0,0.0%,
US1HIKI0020,0,0.0%,
USW00012810,7666,33.31450176002782%,94.0
US1FLOK0032,317,1.3776020164269263%,83.0
USW00054796,3660,15.905436530355047%,126.1
US1SCCR0067,0,0.0%,
US1FLSS0033,133,0.5779844422232845%,111.4
USC00414358,0,0.0%,
USC00510140,440,1.9121289817913172%,140.0
USC00087020,13395,58.21129025248795%,137.0
USC00411651,15417,66.99839207335621%,33.0
US1MSHR0025,375,1.629655382208509%,164.2
US1ALBW0017,873,3.793837729781409%,191.0
US1FLMD0058,0,0.0%,
USC00303781,8000,34.76598148711486%,99.0
USC00416739,2754,11.96818912693929%,20.0
US1NCBR0071,0,0.0%,
USW00092811,22028,95.72813002477076%,91.0
US1FLDV0024,406,1.7643735604710789%,148.5
US1FLLE0041,0,0.0%,
US1TXGV0022,853,3.706922776063622%,70.6
US1MSHC0010,1289,5.601668767111382%,146.0
US1NCNH0051,0,0.0%,
US1FLWT0003,1300,5.649471991656164%,86.0
US1VAHMC007,1412,6.136195732475772%,104.0
US1FLBW0004,1724,7.4920690104732515%,122.0
US1FLBW0040,0,0.0%,
USC00518941,15577,67.69371170309851%,46.0
USC00228413,5503,23.91464951544913%,130.0
US1VANRC009,0,0.0%,
US1GACT0017,1640,7.127026204858546%,102.0
US1ALBW0019,1088,4.7281734822476205%,142.9
US1TXSP0018,60,0.26074486115336143%,3.2
US1FLHB0041,324,1.4080222502281519%,91.0
USW00012926,21513,93.49006996653775%,30.0
US1GACM0006,475,2.0642301507974445%,112.0
USC00373306,7671,33.33623049845726%,97.0
US1TXNU0019,771,3.3505714658206944%,38.0
USW00012906,7661,33.292773021598364%,74.0
USC00084571,1909,8.296032332362783%,79.0
US1TXHRR052,918,3.9893963756464297%,36.6
USW00093776,0,0.0%,
US1FLPS0031,1009,4.384859415062362%,103.0
US1FLDV0059,183,0.7952718265177523%,141.0
USR0000MASS,0,0.0%,
CA008502700,335,1.4558254747729347%,72.8
USC00410576,145,0.6301334144539569%,14.2
US1NCCR0075,0,0.0%,
US1NYNS0006,505,2.1946025813741254%,207.2
US1FLCH0019,108,0.4693407500760506%,43.1
USC00088396,7108,30.889574551301553%,140.6
US1FLHB0026,1542,6.701142931641389%,113.8
US1FLPN0008,1191,5.1757854938942245%,89.0
US1FLLE0012,1877,8.156968406414324%,84.0
USC00161929,2980,12.950328103950284%,124.3
US1LAOR0003,778,3.38099169962192%,91.9
USW00013702,19556,84.98544174525226%,104.0
USC00314649,634,2.7552040328538525%,66.0
US1VAHMC001,210,0.912607014036765%,61.0
USC00084050,3709,16.118378166963627%,127.0
US1FLBW0090,0,0.0%,
USR0000GSTE,0,0.0%,
US1FLPN0049,0,0.0%,
US1NCCN0002,375,1.629655382208509%,133.0
US1FLBW0007,1771,7.6963191517100515%,119.0
US1NCCN0051,0,0.0%,
US1NCDR0038,1,0.004345747685889357%,10.0
USW00093730,19923,86.58033114597366%,97.0
USC00379423,20828,90.51323280170354%,112.0
US1TXGV0044,0,0.0%,
USC00417170,9558,41.536656381730474%,36.0
US1SCCR0023,1724,7.4920690104732515%,98.4
USW00012916,23010,99.99565425231411%,132.0
USC00319467,21858,94.98935291816957%,122.0
USC00414194,0,0.0%,
US1RIWS0007,1567,6.809786623788623%,124.0
US1FLBW0048,0,0.0%,
US1FLVL0035,0,0.0%,
US1FLHB0050,1221,5.306157924470905%,109.0
US1NCPM0012,136,0.5910216852809526%,185.0
US1NCDR0035,0,0.0%,
US1VAIW0013,0,0.0%,
US1FLPN0051,0,0.0%,
US1FLMA0005,675,2.9333796879753162%,97.0
USC00417875,0,0.0%,
US1TXSP0012,170,0.7387771066011908%,39.0
US1TXNU0061,1,0.004345747685889357%,0.0
US1FLSR0010,437,1.8990917387336492%,152.0
USC00417990,145,0.6301334144539569%,18.0
US1TXCLH001,314,1.364564773369258%,370.6
US1FLPN0026,180,0.7822345834600843%,162.3
US1NCNH0019,398,1.7296075789839642%,136.5
US1FLHB0012,424,1.8425970188170875%,414.0
US1FLES0016,621,2.6987093129372908%,183.0
US1FLMA0016,1,0.004345747685889357%,0.0
US1TXGV0021,1118,4.858545912824301%,81.9
USC00162872,0,0.0%,
US1FLCH0008,348,1.5123201946894962%,130.0
USC00166666,21774,94.62431011255487%,135.0
USW00013748,23008,99.98696275694233%,114.0
US1TXHRR019,798,3.467906653339707%,81.0
USC00388405,20606,89.54847681543609%,99.0
US1FLPN0023,1491,6.479509799661032%,114.0
USC00220801,1580,6.866281343705184%,99.3
US1FLDV0013,1835,7.97444700360697%,91.0
US1FLDV0056,246,1.0690539307287819%,217.0
US1FLCH0023,0,0.0%,
US1TXVC0003,459,1.9946981878232148%,245.0
USC00304632,274,1.1907348659336838%,128.2
USC00382730,15812,68.71496240928252%,102.0
US1GACT0065,0,0.0%,
USR0000NBAC,0,0.0%,
US1MSJC0008,1405,6.1057754986745465%,123.2
US1FLOK0008,329,1.4297509886575985%,141.0
USC00307282,0,0.0%,
US1FLMD0054,0,0.0%,
US1FLOK0003,1564,6.7967493807309545%,126.1
USC00168393,275,1.1950806136195733%,141.0
US1NJBG0003,1675,7.279127373864673%,127.6
US1MSHR0015,1225,5.323540915214463%,143.8
USC00412011,3013,13.093737777584632%,25.0
US1FLCH0018,799,3.472252401025597%,122.0
US1FLOK0020,1658,7.205249663204555%,124.0
US1MSHC0002,1141,4.9584981095997565%,142.0
USC00167471,5463,23.74081960801356%,132.0
US1FLHB0098,0,0.0%,
US1TXGV0017,558,2.4249272087262614%,203.0
USC00517777,2919,12.685237495111036%,145.4
US1NCDR0033,1,0.004345747685889357%,0.0
US1FLHB0028,892,3.876406935813307%,111.7
USC00410586,18691,81.22636999695798%,102.0
USW00093731,1490,6.475164051975142%,104.0
US1TXHRR061,202,0.8778410325496502%,118.5
USC00226484,6790,29.507626787188734%,135.0
US1FLDV0036,1333,5.792881665290514%,97.0
USR0000TANA,0,0.0%,
US1NCCN0065,0,0.0%,
USC00166659,10526,45.743340141671375%,140.0
USC00513023,3208,13.941158576333057%,137.0
US1FLES0005,1713,7.4442657859284695%,167.4
US1TXCMR094,0,0.0%,
USW00012812,5352,23.25844161487984%,97.0
US1SCCR0032,1653,7.183520924775108%,97.0
USC00081356,8069,35.06583807744123%,127.0
USC00081432,9119,39.62887314762505%,84.0
US1SCCR0054,949,4.124114553909%,99.0
US1GACT0050,0,0.0%,
USC00308946,12311,53.50049976098388%,99.0
USC00162884,122,0.5301812176785016%,114.0
USC00081632,7842,34.07935335274434%,107.0
USW00012935,22969,99.81747859719265%,66.0
US1FLES0002,1890,8.213463126330884%,130.0
US1NCBR0009,290,1.2602668289079137%,127.3
USW00012884,11955,51.953413584807265%,119.0
US1FLDV0009,1496,6.501238538090479%,74.0
US1MABR0008,1362,5.918908348181304%,129.7
US1MDWR0019,0,0.0%,
US1RIPR0013,218,0.94737299552388%,130.0
US1SCCR0046,176,0.7648515927165269%,190.5
USC00083909,22588,98.1617487288688%,140.0
USC00319461,1736,7.544217982703924%,117.0
US1NCBR0021,623,2.7074008083090693%,86.0
USC00088786,0,0.0%,
US1RINW0004,1674,7.274781626178783%,102.0
USC00229157,19035,82.72130720090391%,152.0
USC00091340,22207,96.50601886054496%,104.0
US1FLSS0047,0,0.0%,
US1NCCR0072,0,0.0%,
US1NCCR0001,1649,7.16613793403155%,109.6
US1FLOK0034,0,0.0%,
US1NJOC0004,418,1.8165225327017513%,218.4
USW00013754,21898,95.16318282560515%,119.0
USC00160007,15501,67.36343487897093%,137.0
USC00417184,19815,86.11099039589762%,25.0
US1TXHRR076,455,1.9773151970796574%,98.2
USC00411034,0,0.0%,
US1SCCR0083,0,0.0%,
USW00014788,8695,37.78627612880796%,97.0
US1FLMD0061,0,0.0%,
US1VAHMC010,0,0.0%,
US1TXCLH012,141,0.6127504237103993%,56.0
US1NCDR0027,0,0.0%,
US1FLCT0005,1301,5.653817739342054%,84.0
US1TXGV0006,290,1.2602668289079137%,434.3
US1SCBF0023,254,1.1038199122158967%,92.2
USW00014787,5368,23.32797357785407%,94.0
USC00379327,0,0.0%,
USC00166670,4559,19.812263699969577%,140.0
US1FLPN0017,1828,7.944026769805745%,91.9
US1TXNU0052,168,0.730085611229412%,8.0
US1SCCR0079,0,0.0%,
US1TXNU0031,395,1.716570335926296%,111.2
US1SCCR0006,1520,6.605536482551823%,97.2
US1TXHRR075,210,0.912607014036765%,56.0
US1TXGV0043,0,0.0%,
US1LATR0011,0,0.0%,
US1FLMD0032,161,0.6996653774281866%,419.0
US1TXHRR089,274,1.1907348659336838%,73.1
US1NCCR0057,0,0.0%,
US1VANRC005,150,0.6518621528834037%,130.7
US1FLHN0014,1533,6.662031202468385%,107.0
US1NCNH0007,781,3.394028942679588%,89.0
USC00414315,21922,95.2674807700665%,102.0
US1SCCR0052,961,4.176263526139672%,74.0
US1FLHN0001,1802,7.831037329972622%,109.0
USC00516537,88,0.38242579635826346%,209.9
US1NCBR0028,142,0.6170961713962887%,286.2
US1NYQN0002,411,1.7861022989005257%,102.0
US1TXCLH013,76,0.33027682412759113%,20.5
USC00384169,15820,68.74972839076963%,109.0
US1VASFC007,0,0.0%,
US1FLCT0006,826,3.5895875885446094%,117.0
US1FLHB0107,0,0.0%,
USW00012826,5313,23.088957455130156%,122.0
US1FLSR0013,736,3.198470296814567%,150.0
US1FLWT0002,1334,5.797227412976403%,121.1
USC00306138,5487,23.845117552474903%,109.0
US1NCPD0011,539,2.3423580026943633%,102.0
US1NCBR0007,1328,5.771152926861067%,104.9
US1VANNC004,1672,7.266090130807005%,102.0
USC00163313,22364,97.18830124722957%,140.0
US1NCNH0046,0,0.0%,
US1FLOK0015,1828,7.944026769805745%,127.9
USC00514937,0,0.0%,
US1MSHC0005,1473,6.401286341315024%,109.0
USC00515464,0,0.0%,
US1TXGV0026,550,2.3901612272391466%,66.3
US1FLHB0004,1922,8.352527052279344%,130.0
US1SCCR0089,0,0.0%,
US1HIKI0002,0,0.0%,
US1SCCR0069,0,0.0%,
US1FLPN0055,0,0.0%,
US1FLDV0028,1458,6.3361001260266825%,140.0
US1NJHD0002,1522,6.614227977923602%,123.8
US1SCCR0097,0,0.0%,
US1FLHB0048,1916,8.326452566164008%,138.5
US1MSHR0020,835,3.6286993177176132%,118.2
USC00510006,3116,13.541349789231239%,114.0
US1TXNU0040,271,1.1776976228760159%,130.0
US1FLHB0054,1531,6.653339707096606%,122.0
USC00080945,16783,72.93468341228109%,119.0
US1NCCR0040,586,2.5466081439311634%,91.0
US1SCCR0016,470,2.0425014123679976%,240.0
US1NCCC0010,0,0.0%,
USW00012944,20702,89.96566859328148%,69.0
USC00514742,14178,61.61401069053931%,107.0
US1SCJS0004,1280,5.562557037938378%,97.0
US1NCCR0073,0,0.0%,
US1TXSP0010,1058,4.59780105167094%,53.0
US1SCBK0041,0,0.0%,
US1FLMN0009,523,2.2728260397201336%,134.0
USC00516565,8009,34.805093216287865%,678.0
US1FLMD0030,725,3.150667072269784%,146.0
US1NCBR0064,0,0.0%,
US1FLHB0090,132,0.5736386945373951%,134.5
US1VAVBC014,347,1.507974447003607%,254.0
US1FLMA0010,761,3.307113988961801%,127.0
US1FLPN0030,183,0.7952718265177523%,328.0
US1FLVL0012,367,1.5948894007213938%,311.0
USC00165610,6666,28.968754074138452%,114.0
US1GACT0026,333,1.447133979401156%,130.0
USC00085035,630,2.737821042110295%,61.0
USC00511593,298,1.2950328103950284%,92.0
USC00316447,0,0.0%,
USW00094728,23008,99.98696275694233%,104.0
US1NYNS0007,1364,5.927599843553083%,121.1
US1TXHRR023,121,0.5258354699926122%,135.0
US1NCCN0001,1614,7.014036765025422%,107.0
US1MABR0011,789,3.428794924166703%,133.0
USW00022536,22980,99.86528182173743%,56.0
US1FLLE0013,540,2.3467037503802533%,211.5
USC00087867,11403,49.55456086219634%,107.0
USC00371874,274,1.1907348659336838%,114.0
US1NCBR0014,558,2.4249272087262614%,135.6
US1VAIW0006,0,0.0%,
US1VAVBC001,1379,5.992786058841423%,104.6
USW00012896,5303,23.045499978271263%,61.0
US1ALBW0023,310,1.3471817826257009%,138.8
USC00012172,13348,58.00704011125114%,124.0
US1NCCR0020,1794,7.796271348485508%,118.4
USW00053853,5353,23.262787362565728%,102.0
USR0000MSAN,0,0.0%,
US1FLHB0011,1872,8.135239667984877%,109.0
USC00519467,7869,34.19668854026335%,74.0
USC00164785,2006,8.71756985789405%,121.5
US1SCCR0042,1426,6.197036200078224%,87.5
USC00410302,7719,33.54482638737995%,33.6
US1SCCR0078,0,0.0%,
USC00163807,13480,58.58067880578853%,109.0
