Surge ID,Date Range,Date,Avg Precip,Above 90th?
120,19890729-19890804,19890803,18.0,0
120,19890729-19890804,19890804,0.0,0
120,19890729-19890804,19890730,0.0,0
120,19890729-19890804,19890801,905.5,1
120,19890729-19890804,19890731,0.0,0
120,19890729-19890804,19890729,9.0,0
120,19890729-19890804,19890802,12.5,0
140,19961013-19961030,19961019,0.0,0
140,19961013-19961030,19961020,0.0,0
140,19961013-19961030,19961013,15.0,0
140,19961013-19961030,19961017,225.0,1
140,19961013-19961030,19961022,0.0,0
140,19961013-19961030,19961030,26.5,0
140,19961013-19961030,19961014,52.0,0
140,19961013-19961030,19961023,45.5,0
140,19961013-19961030,19961027,10.0,0
140,19961013-19961030,19961028,0.0,0
140,19961013-19961030,19961024,6.5,0
140,19961013-19961030,19961026,0.0,0
140,19961013-19961030,19961015,79.0,1
140,19961013-19961030,19961021,0.0,0
140,19961013-19961030,19961018,123.0,1
140,19961013-19961030,19961025,0.0,0
140,19961013-19961030,19961029,0.0,0
140,19961013-19961030,19961016,90.5,1
128,19920815-19920829,19920823,25.3333333333,0
128,19920815-19920829,19920826,1.25,0
128,19920815-19920829,19920825,14.0,0
128,19920815-19920829,19920819,0.0,0
128,19920815-19920829,19920829,256.5,1
128,19920815-19920829,19920827,0.0,0
128,19920815-19920829,19920820,0.0,0
128,19920815-19920829,19920815,3.75,0
128,19920815-19920829,19920818,34.5,0
128,19920815-19920829,19920824,516.0,1
128,19920815-19920829,19920821,17.0,0
128,19920815-19920829,19920828,35.5,0
128,19920815-19920829,19920822,54.0,0
128,19920815-19920829,19920816,0.0,0
128,19920815-19920829,19920817,0.0,0
13,19550119-19550121,19550121,0.0,0
13,19550119-19550121,19550119,149.333333333,1
13,19550119-19550121,19550120,16.3333333333,0
143,19960818-19960907,19960830,0.0,0
143,19960818-19960907,19960818,0.0,0
143,19960818-19960907,19960821,0.0,0
143,19960818-19960907,19960823,0.0,0
143,19960818-19960907,19960825,51.0,0
143,19960818-19960907,19960826,0.0,0
143,19960818-19960907,19960831,0.0,0
143,19960818-19960907,19960822,0.0,0
143,19960818-19960907,19960902,874.0,1
143,19960818-19960907,19960824,0.0,0
143,19960818-19960907,19960903,175.0,1
143,19960818-19960907,19960827,0.0,0
143,19960818-19960907,19960829,46.0,0
143,19960818-19960907,19960906,0.0,0
143,19960818-19960907,19960904,0.0,0
143,19960818-19960907,19960905,0.0,0
143,19960818-19960907,19960820,0.0,0
143,19960818-19960907,19960819,0.0,0
143,19960818-19960907,19960901,3.0,0
143,19960818-19960907,19960907,0.0,0
143,19960818-19960907,19960828,358.0,1
7,19540829-19540901,19540901,237.333333333,1
7,19540829-19540901,19540831,454.888888889,1
7,19540829-19540901,19540829,0.0,0
7,19540829-19540901,19540830,5.33333333333,0
139,19950821-19950829,19950826,178.0,1
139,19950821-19950829,19950824,82.5,0
139,19950821-19950829,19950829,4.0,0
139,19950821-19950829,19950823,33.0,0
139,19950821-19950829,19950827,81.5,0
139,19950821-19950829,19950822,457.0,1
139,19950821-19950829,19950828,51.0,0
139,19950821-19950829,19950821,0.0,0
139,19950821-19950829,19950825,246.5,1
5,19530810-19530817,19530815,0.0,0
5,19530810-19530817,19530810,77.0,0
5,19530810-19530817,19530812,11.0,0
5,19530810-19530817,19530811,50.0,0
5,19530810-19530817,19530817,127.0,1
5,19530810-19530817,19530813,1348.5,1
5,19530810-19530817,19530814,27.0,0
5,19530810-19530817,19530816,0.0,0
98,19800730-19800812,19800731,0.0,0
98,19800730-19800812,19800730,0.0,0
98,19800730-19800812,19800808,14.6666666667,0
98,19800730-19800812,19800811,269.0,1
98,19800730-19800812,19800802,2.66666666667,0
98,19800730-19800812,19800809,366.0,1
98,19800730-19800812,19800801,0.0,0
98,19800730-19800812,19800805,0.0,0
98,19800730-19800812,19800804,0.0,0
98,19800730-19800812,19800803,0.0,0
98,19800730-19800812,19800812,0.0,0
98,19800730-19800812,19800807,44.0,1
98,19800730-19800812,19800806,0.0,0
98,19800730-19800812,19800810,1466.0,1
196,20050822-20050901,20050822,0.0,0
196,20050822-20050901,20050824,3.0,0
196,20050822-20050901,20050901,0.0,0
196,20050822-20050901,20050825,5.0,0
196,20050822-20050901,20050823,8.0,0
82,19750823-19750902,19750828,4.0,0
82,19750823-19750902,19750826,1.5,0
82,19750823-19750902,19750831,259.0,1
82,19750823-19750902,19750829,0.0,0
82,19750823-19750902,19750827,53.5,1
82,19750823-19750902,19750824,16.5,0
82,19750823-19750902,19750901,308.5,1
82,19750823-19750902,19750902,2.5,0
82,19750823-19750902,19750825,9.0,0
82,19750823-19750902,19750830,0.0,0
82,19750823-19750902,19750823,72.5,1
231,20090815-20090819,20090819,0.0,0
231,20090815-20090819,20090816,330.0,1
231,20090815-20090819,20090815,82.5,0
231,20090815-20090819,20090818,12.5,0
231,20090815-20090819,20090817,472.0,1
237,20110826-20110828,20110828,971.6,1
237,20110826-20110828,20110827,648.8,1
203,20050710-20050722,20050720,475.0,1
203,20050710-20050722,20050717,2.5,0
203,20050710-20050722,20050713,0.0,0
203,20050710-20050722,20050715,0.0,0
203,20050710-20050722,20050718,0.0,0
203,20050710-20050722,20050716,75.0,1
203,20050710-20050722,20050721,0.0,0
203,20050710-20050722,20050719,311.0,1
203,20050710-20050722,20050710,118.0,1
203,20050710-20050722,20050722,0.0,0
203,20050710-20050722,20050712,0.0,0
203,20050710-20050722,20050714,0.0,0
203,20050710-20050722,20050711,25.5,0
147,19970715-19970727,19970716,114.0,1
147,19970715-19970727,19970717,110.125,1
147,19970715-19970727,19970724,483.375,1
147,19970715-19970727,19970727,0.375,0
147,19970715-19970727,19970726,0.0,0
147,19970715-19970727,19970715,0.0,0
147,19970715-19970727,19970723,251.375,1
147,19970715-19970727,19970725,116.625,1
147,19970715-19970727,19970719,35.375,0
147,19970715-19970727,19970722,215.625,1
147,19970715-19970727,19970720,3.5,0
147,19970715-19970727,19970718,0.0,0
147,19970715-19970727,19970721,39.625,0
1,19500831-19500910,19500901,222.666666667,1
1,19500831-19500910,19500907,32.0,0
1,19500831-19500910,19500910,0.0,0
1,19500831-19500910,19500908,2.5,0
1,19500831-19500910,19500831,68.6666666667,0
1,19500831-19500910,19500909,0.0,0
1,19500831-19500910,19500905,760.333333333,1
1,19500831-19500910,19500904,745.333333333,1
1,19500831-19500910,19500903,82.0,0
1,19500831-19500910,19500906,245.0,1
1,19500831-19500910,19500902,6.0,0
116,19880807-19880811,19880807,179.4,1
116,19880807-19880811,19880808,123.4,0
116,19880807-19880811,19880810,81.6,0
116,19880807-19880811,19880809,193.0,1
116,19880807-19880811,19880811,0.0,0
200,20051014-20051027,20051022,28.0,0
200,20051014-20051027,20051016,114.5,1
200,20051014-20051027,20051023,0.0,0
200,20051014-20051027,20051026,0.0,0
200,20051014-20051027,20051020,0.0,0
200,20051014-20051027,20051017,0.0,0
200,20051014-20051027,20051025,0.0,0
200,20051014-20051027,20051024,0.0,0
200,20051014-20051027,20051014,0.0,0
200,20051014-20051027,20051019,0.0,0
200,20051014-20051027,20051015,0.0,0
200,20051014-20051027,20051027,0.0,0
200,20051014-20051027,20051021,15.0,0
200,20051014-20051027,20051018,0.0,0
188,20040824-20040911,20040827,37.3333333333,0
188,20040824-20040911,20040902,14.3333333333,0
188,20040824-20040911,20040910,0.0,0
188,20040824-20040911,20040828,19.3333333333,0
188,20040824-20040911,20040829,17.0,0
188,20040824-20040911,20040901,21.3333333333,0
188,20040824-20040911,20040911,0.0,0
188,20040824-20040911,20040826,73.6666666667,0
188,20040824-20040911,20040909,98.3333333333,0
188,20040824-20040911,20040830,54.3333333333,0
188,20040824-20040911,20040824,122.666666667,1
188,20040824-20040911,20040905,443.666666667,1
188,20040824-20040911,20040825,151.333333333,1
188,20040824-20040911,20040908,63.6666666667,0
188,20040824-20040911,20040907,77.0,0
188,20040824-20040911,20040831,203.333333333,1
188,20040824-20040911,20040906,1024.66666667,1
188,20040824-20040911,20040904,32.0,0
188,20040824-20040911,20040903,0.0,0
153,19981021-19981110,19981026,0.0,0
153,19981021-19981110,19981027,0.0,0
153,19981021-19981110,19981108,0.0,0
153,19981021-19981110,19981107,0.0,0
153,19981021-19981110,19981025,0.0,0
153,19981021-19981110,19981023,5.5,0
153,19981021-19981110,19981110,0.0,0
153,19981021-19981110,19981029,0.0,0
153,19981021-19981110,19981101,0.0,0
153,19981021-19981110,19981021,0.0,0
153,19981021-19981110,19981109,0.0,0
153,19981021-19981110,19981022,10.0,0
153,19981021-19981110,19981031,0.0,0
153,19981021-19981110,19981030,0.0,0
153,19981021-19981110,19981105,63.5,0
153,19981021-19981110,19981028,0.0,0
153,19981021-19981110,19981103,0.0,0
153,19981021-19981110,19981102,0.0,0
153,19981021-19981110,19981106,0.0,0
153,19981021-19981110,19981024,0.0,0
153,19981021-19981110,19981104,440.5,1
138,19950730-19950807,19950807,0.0,0
138,19950730-19950807,19950730,411.5,1
138,19950730-19950807,19950806,17.75,0
138,19950730-19950807,19950804,222.75,1
138,19950730-19950807,19950802,2.25,0
138,19950730-19950807,19950801,29.25,0
138,19950730-19950807,19950731,71.0,0
138,19950730-19950807,19950803,450.5,1
138,19950730-19950807,19950805,56.75,0
92,19790714-19790730,19790722,194.25,1
92,19790714-19790730,19790717,0.0,0
92,19790714-19790730,19790726,916.75,1
92,19790714-19790730,19790730,0.0,0
92,19790714-19790730,19790720,150.5,1
92,19790714-19790730,19790724,299.0,1
92,19790714-19790730,19790721,90.25,0
92,19790714-19790730,19790714,132.75,1
92,19790714-19790730,19790727,125.0,1
92,19790714-19790730,19790719,60.5,0
92,19790714-19790730,19790729,0.0,0
92,19790714-19790730,19790716,0.0,0
92,19790714-19790730,19790723,7.5,0
92,19790714-19790730,19790715,56.0,0
92,19790714-19790730,19790728,1.25,0
92,19790714-19790730,19790725,1768.5,1
92,19790714-19790730,19790718,11.5,0
187,20040808-20040816,20040811,12.5,0
187,20040808-20040816,20040808,143.5,1
187,20040808-20040816,20040814,171.5,1
187,20040808-20040816,20040809,0.0,0
187,20040808-20040816,20040810,0.0,0
187,20040808-20040816,20040816,84.0,0
187,20040808-20040816,20040815,15.5,0
187,20040808-20040816,20040812,0.0,0
187,20040808-20040816,20040813,543.5,1
208,20050119-20050121,20050119,12.25,0
208,20050119-20050121,20050120,0.0,0
208,20050119-20050121,20050121,0.0,0
47,19641007-19641017,19641015,0.0,0
47,19641007-19641017,19641016,0.0,0
47,19641007-19641017,19641014,282.0,1
47,19641007-19641017,19641011,17.5,0
47,19641007-19641017,19641013,87.5,1
47,19641007-19641017,19641010,1.5,0
47,19641007-19641017,19641008,3.0,0
47,19641007-19641017,19641017,1.5,0
47,19641007-19641017,19641009,4.0,0
47,19641007-19641017,19641012,60.0,0
47,19641007-19641017,19641007,0.0,0
121,19891011-19891017,19891012,0.0,0
121,19891011-19891017,19891017,0.714285714286,0
121,19891011-19891017,19891011,0.0,0
121,19891011-19891017,19891016,482.571428571,1
121,19891011-19891017,19891013,0.0,0
121,19891011-19891017,19891014,7.0,0
121,19891011-19891017,19891015,15.1428571429,0
53,19650923-19651001,19650926,0.0,0
53,19650923-19651001,19650924,0.0,0
53,19650923-19651001,19650928,4.6,0
53,19650923-19651001,19650929,59.2,0
53,19650923-19651001,19650925,0.0,0
53,19650923-19651001,19650930,145.4,1
53,19650923-19651001,19650927,0.0,0
53,19650923-19651001,19651001,0.0,0
53,19650923-19651001,19650923,0.0,0
144,19960704-19960715,19960710,97.5,0
144,19960704-19960715,19960709,0.0,0
144,19960704-19960715,19960712,809.0,1
144,19960704-19960715,19960708,0.0,0
144,19960704-19960715,19960707,0.0,0
144,19960704-19960715,19960704,73.5,0
144,19960704-19960715,19960715,1.5,0
144,19960704-19960715,19960706,13.0,0
144,19960704-19960715,19960713,546.0,1
144,19960704-19960715,19960705,0.0,0
144,19960704-19960715,19960714,4.0,0
144,19960704-19960715,19960711,94.0,0
108,19850915-19851003,19850919,0.0,0
108,19850915-19851003,19850922,0.0,0
108,19850915-19851003,19851001,0.0,0
108,19850915-19851003,19850926,62.2272727273,0
108,19850915-19851003,19850929,0.0,0
108,19850915-19851003,19850927,681.181818182,1
108,19850915-19851003,19850920,0.0,0
108,19850915-19851003,19850928,222.857142857,1
108,19850915-19851003,19851003,146.55,1
108,19850915-19851003,19851002,6.0,0
108,19850915-19851003,19850921,0.0,0
108,19850915-19851003,19850930,0.0,0
108,19850915-19851003,19850918,0.0,0
108,19850915-19851003,19850917,0.0,0
108,19850915-19851003,19850915,0.0,0
108,19850915-19851003,19850923,18.0454545455,0
108,19850915-19851003,19850924,82.3181818182,0
108,19850915-19851003,19850925,15.0,0
108,19850915-19851003,19850916,0.0,0
134,19941107-19941122,19941111,0.0,0
134,19941107-19941122,19941112,12.5,0
134,19941107-19941122,19941115,584.5,1
134,19941107-19941122,19941114,329.0,1
134,19941107-19941122,19941117,67.5,0
134,19941107-19941122,19941122,0.0,0
134,19941107-19941122,19941107,5.0,0
134,19941107-19941122,19941119,0.0,0
134,19941107-19941122,19941108,24.0,0
134,19941107-19941122,19941116,326.5,1
134,19941107-19941122,19941120,0.0,0
134,19941107-19941122,19941110,1.5,0
134,19941107-19941122,19941109,5.0,0
134,19941107-19941122,19941121,0.0,0
134,19941107-19941122,19941118,0.0,0
134,19941107-19941122,19941113,243.5,1
105,19851025-19851102,19851031,30.6,0
105,19851025-19851102,19851027,855.6,1
105,19851025-19851102,19851029,731.6,1
105,19851025-19851102,19851030,101.6,0
105,19851025-19851102,19851101,0.6,0
105,19851025-19851102,19851028,330.25,1
105,19851025-19851102,19851026,211.4,1
105,19851025-19851102,19851102,16.8,0
105,19851025-19851102,19851025,11.6,0
164,20000914-20000926,20000919,0.0,0
164,20000914-20000926,20000917,0.0,0
164,20000914-20000926,20000918,0.0,0
164,20000914-20000926,20000914,0.0,0
164,20000914-20000926,20000915,51.0,0
164,20000914-20000926,20000924,51.0,0
164,20000914-20000926,20000920,0.0,0
164,20000914-20000926,20000916,0.0,0
164,20000914-20000926,20000925,0.0,0
164,20000914-20000926,20000923,610.0,1
164,20000914-20000926,20000922,711.0,1
164,20000914-20000926,20000921,10.0,0
164,20000914-20000926,20000926,38.0,0
179,20030829-20030903,20030831,0.0,0
179,20030829-20030903,20030829,0.0,0
179,20030829-20030903,20030830,0.0,0
179,20030829-20030903,20030903,3.0,0
179,20030829-20030903,20030902,0.0,0
179,20030829-20030903,20030901,3.0,0
26,19580926-19580929,19580927,729.0,1
26,19580926-19580929,19580928,424.5,1
26,19580926-19580929,19580926,0.0,0
26,19580926-19580929,19580929,0.0,0
118,19880820-19880830,19880825,57.0,0
118,19880820-19880830,19880827,56.0,0
118,19880820-19880830,19880820,1.5,0
118,19880820-19880830,19880823,132.5,1
118,19880820-19880830,19880828,259.0,1
118,19880820-19880830,19880826,0.0,0
118,19880820-19880830,19880830,288.5,1
118,19880820-19880830,19880829,15.0,0
118,19880820-19880830,19880822,129.5,1
118,19880820-19880830,19880821,137.0,1
118,19880820-19880830,19880824,101.5,0
117,19881116-19881125,19881116,0.0,0
117,19881116-19881125,19881125,0.0,0
117,19881116-19881125,19881118,0.0,0
117,19881116-19881125,19881124,0.0,0
117,19881116-19881125,19881120,0.0,0
117,19881116-19881125,19881121,0.0,0
117,19881116-19881125,19881117,0.0,0
117,19881116-19881125,19881122,517.0,1
117,19881116-19881125,19881123,698.5,1
117,19881116-19881125,19881119,0.0,0
86,19770828-19770904,19770830,0.0,0
86,19770828-19770904,19770831,78.5,1
86,19770828-19770904,19770904,0.0,0
86,19770828-19770904,19770829,125.5,1
86,19770828-19770904,19770901,44.5,1
86,19770828-19770904,19770828,189.5,1
86,19770828-19770904,19770903,6.5,0
86,19770828-19770904,19770902,292.0,1
223,20080719-20080728,20080727,0.0,0
223,20080719-20080728,20080725,0.0,0
223,20080719-20080728,20080726,6.66666666667,0
223,20080719-20080728,20080721,0.0,0
223,20080719-20080728,20080719,0.0,0
223,20080719-20080728,20080722,0.0,0
223,20080719-20080728,20080723,436.0,1
223,20080719-20080728,20080720,0.0,0
223,20080719-20080728,20080728,0.0,0
223,20080719-20080728,20080724,1179.0,1
145,19960616-19960622,19960621,0.0,0
145,19960616-19960622,19960620,14.3333333333,0
145,19960616-19960622,19960622,8.33333333333,0
145,19960616-19960622,19960618,0.0,0
145,19960616-19960622,19960617,89.0,0
145,19960616-19960622,19960619,27.6666666667,0
145,19960616-19960622,19960616,0.0,0
206,20051004-20051007,20051004,38.0,0
206,20051004-20051007,20051005,437.0,1
206,20051004-20051007,20051006,481.5,1
206,20051004-20051007,20051007,173.0,1
230,20091103-20091111,20091103,3.0,0
230,20091103-20091111,20091107,3.0,0
230,20091103-20091111,20091108,0.0,0
230,20091103-20091111,20091104,0.0,0
230,20091103-20091111,20091111,0.0,0
230,20091103-20091111,20091106,0.0,0
230,20091103-20091111,20091109,20.0,0
230,20091103-20091111,20091110,0.0,0
230,20091103-20091111,20091105,3.0,0
2,19500819-19500902,19500829,25.0,0
2,19500819-19500902,19500830,950.0,1
2,19500819-19500902,19500823,0.0,0
2,19500819-19500902,19500831,610.0,1
2,19500819-19500902,19500820,0.0,0
2,19500819-19500902,19500902,3.0,0
2,19500819-19500902,19500825,0.0,0
2,19500819-19500902,19500901,18.0,0
2,19500819-19500902,19500819,13.0,0
2,19500819-19500902,19500821,13.0,0
2,19500819-19500902,19500828,15.0,0
2,19500819-19500902,19500827,0.0,0
2,19500819-19500902,19500824,0.0,0
2,19500819-19500902,19500826,46.0,0
2,19500819-19500902,19500822,0.0,0
240,20120820-20120902,20120823,0.0,0
240,20120820-20120902,20120825,84.0,0
240,20120820-20120902,20120820,218.0,1
240,20120820-20120902,20120902,0.0,0
240,20120820-20120902,20120824,0.0,0
240,20120820-20120902,20120901,48.0,0
240,20120820-20120902,20120827,0.0,0
240,20120820-20120902,20120830,216.0,1
240,20120820-20120902,20120829,1113.0,1
240,20120820-20120902,20120826,0.0,0
241,20120119-20120121,20120119,0.0,0
241,20120119-20120121,20120121,55.8,0
241,20120119-20120121,20120120,0.0,0
95,19790824-19790908,19790827,0.0,0
95,19790824-19790908,19790825,64.0,0
95,19790824-19790908,19790831,0.0,0
95,19790824-19790908,19790828,0.0,0
95,19790824-19790908,19790902,20.0,0
95,19790824-19790908,19790903,127.0,1
95,19790824-19790908,19790904,381.0,1
95,19790824-19790908,19790829,0.0,0
95,19790824-19790908,19790901,279.0,1
95,19790824-19790908,19790824,8.0,0
95,19790824-19790908,19790830,0.0,0
95,19790824-19790908,19790905,58.0,0
95,19790824-19790908,19790907,0.0,0
95,19790824-19790908,19790908,25.0,0
95,19790824-19790908,19790826,0.0,0
95,19790824-19790908,19790906,0.0,0
125,19920815-19920829,19920823,495.5,1
125,19920815-19920829,19920826,74.0,0
125,19920815-19920829,19920825,0.0,0
125,19920815-19920829,19920829,0.0,0
125,19920815-19920829,19920821,14.0,0
125,19920815-19920829,19920820,226.0,1
125,19920815-19920829,19920815,47.0,0
125,19920815-19920829,19920818,4.0,0
125,19920815-19920829,19920827,0.0,0
125,19920815-19920829,19920824,0.0,0
125,19920815-19920829,19920819,120.5,1
125,19920815-19920829,19920828,0.0,0
125,19920815-19920829,19920822,216.0,1
125,19920815-19920829,19920816,18.0,0
125,19920815-19920829,19920817,5.5,0
74,19710902-19710914,19710908,17.0,0
74,19710902-19710914,19710904,22.0,0
74,19710902-19710914,19710903,3.33333333333,0
74,19710902-19710914,19710911,288.666666667,1
74,19710902-19710914,19710902,40.6666666667,0
74,19710902-19710914,19710910,1278.66666667,1
74,19710902-19710914,19710906,0.0,0
74,19710902-19710914,19710912,66.3333333333,0
74,19710902-19710914,19710905,16.0,0
74,19710902-19710914,19710913,53.3333333333,0
74,19710902-19710914,19710914,0.0,0
74,19710902-19710914,19710907,7.66666666667,0
74,19710902-19710914,19710909,5.0,0
4,19530922-19530929,19530926,681.0,1
4,19530922-19530929,19530924,10.0,0
4,19530922-19530929,19530923,0.0,0
4,19530922-19530929,19530927,0.0,0
4,19530922-19530929,19530928,0.0,0
4,19530922-19530929,19530922,0.0,0
4,19530922-19530929,19530929,20.0,0
4,19530922-19530929,19530925,109.0,0
224,20080831-20080916,20080916,33.0,0
224,20080831-20080916,20080831,122.0,1
224,20080831-20080916,20080907,0.0,0
224,20080831-20080916,20080905,57.0,0
224,20080831-20080916,20080914,150.0,1
224,20080831-20080916,20080911,0.0,0
224,20080831-20080916,20080909,156.5,1
224,20080831-20080916,20080908,37.0,0
224,20080831-20080916,20080913,0.0,0
224,20080831-20080916,20080906,6.5,0
224,20080831-20080916,20080902,0.0,0
224,20080831-20080916,20080912,23.0,0
224,20080831-20080916,20080904,0.0,0
224,20080831-20080916,20080901,28.0,0
224,20080831-20080916,20080903,0.0,0
224,20080831-20080916,20080910,551.5,1
224,20080831-20080916,20080915,1.5,0
38,19610902-19610917,19610911,1308.0,1
38,19610902-19610917,19610912,64.0,0
38,19610902-19610917,19610913,53.0,0
38,19610902-19610917,19610916,0.0,0
38,19610902-19610917,19610908,38.0,0
38,19610902-19610917,19610915,2.5,0
38,19610902-19610917,19610906,0.0,0
38,19610902-19610917,19610904,0.0,0
38,19610902-19610917,19610907,30.5,0
38,19610902-19610917,19610917,0.0,0
38,19610902-19610917,19610909,0.0,0
38,19610902-19610917,19610905,21.75,0
38,19610902-19610917,19610914,0.0,0
38,19610902-19610917,19610903,0.0,0
38,19610902-19610917,19610910,132.0,1
38,19610902-19610917,19610902,0.0,0
151,19980914-19981002,19980928,0.0,0
151,19980914-19981002,19980922,0.0,0
151,19980914-19981002,19980921,0.0,0
151,19980914-19981002,19980929,0.0,0
151,19980914-19981002,19981001,0.0,0
151,19980914-19981002,19980924,15.0,0
151,19980914-19981002,19980930,0.0,0
151,19980914-19981002,19981002,0.0,0
151,19980914-19981002,19980917,93.0,1
151,19980914-19981002,19980915,145.0,1
151,19980914-19981002,19980923,16.5,0
151,19980914-19981002,19980919,4.0,0
151,19980914-19981002,19980914,44.5,0
151,19980914-19981002,19980920,40.5,0
151,19980914-19981002,19980916,185.5,1
151,19980914-19981002,19980918,80.0,1
236,20110901-20110906,20110906,22.25,0
236,20110901-20110906,20110903,1666.25,1
236,20110901-20110906,20110904,531.0,1
236,20110901-20110906,20110905,260.166666667,1
236,20110901-20110906,20110902,347.6,1
236,20110901-20110906,20110901,41.2,0
218,20070814-20070820,20070818,53.5,0
218,20070814-20070820,20070814,0.0,0
218,20070814-20070820,20070816,147.25,1
218,20070814-20070820,20070820,0.0,0
218,20070814-20070820,20070815,20.25,0
218,20070814-20070820,20070817,310.5,1
218,20070814-20070820,20070819,124.0,1
87,19780825-19780830,19780825,2.0,0
87,19780825-19780830,19780827,51.5,0
87,19780825-19780830,19780830,187.5,1
87,19780825-19780830,19780828,100.25,0
87,19780825-19780830,19780826,2.5,0
87,19780825-19780830,19780829,855.0,1
226,20080831-20080916,20080916,0.0,0
226,20080831-20080916,20080831,0.0,0
226,20080831-20080916,20080907,0.0,0
226,20080831-20080916,20080905,0.0,0
226,20080831-20080916,20080914,941.666666667,1
226,20080831-20080916,20080911,0.0,0
226,20080831-20080916,20080909,0.0,0
226,20080831-20080916,20080908,0.0,0
226,20080831-20080916,20080913,1517.33333333,1
226,20080831-20080916,20080906,0.0,0
226,20080831-20080916,20080902,14.3333333333,0
226,20080831-20080916,20080912,0.0,0
226,20080831-20080916,20080904,0.0,0
226,20080831-20080916,20080901,0.0,0
226,20080831-20080916,20080903,12.0,0
226,20080831-20080916,20080910,0.0,0
226,20080831-20080916,20080915,93.3333333333,0
215,20060827-20060902,20060827,0.0,0
215,20060827-20060902,20060828,2.5,0
215,20060827-20060902,20060902,251.0,1
215,20060827-20060902,20060901,64.0,0
215,20060827-20060902,20060829,1.5,0
215,20060827-20060902,20060830,21.5,0
215,20060827-20060902,20060831,52.0,0
113,19880906-19880912,19880908,0.0,0
113,19880906-19880912,19880910,125.0,0
113,19880906-19880912,19880911,92.6,0
113,19880906-19880912,19880907,0.0,0
113,19880906-19880912,19880906,0.0,0
113,19880906-19880912,19880912,8.2,0
113,19880906-19880912,19880909,399.6,1
161,19990906-19990920,19990920,35.5,0
161,19990906-19990920,19990918,0.0,0
161,19990906-19990920,19990919,0.0,0
161,19990906-19990920,19990913,0.0,0
161,19990906-19990920,19990909,299.5,1
161,19990906-19990920,19990917,0.0,0
161,19990906-19990920,19990916,2874.0,1
161,19990906-19990920,19990906,68.5,0
161,19990906-19990920,19990915,2431.0,1
161,19990906-19990920,19990911,0.0,0
161,19990906-19990920,19990914,171.5,1
161,19990906-19990920,19990908,0.0,0
161,19990906-19990920,19990912,0.0,0
161,19990906-19990920,19990910,78.5,0
161,19990906-19990920,19990907,108.0,0
148,19980830-19980909,19980831,389.0,1
148,19980830-19980909,19980906,0.0,0
148,19980830-19980909,19980904,0.0,0
148,19980830-19980909,19980902,1110.0,1
148,19980830-19980909,19980909,0.0,0
148,19980830-19980909,19980905,0.0,0
148,19980830-19980909,19980901,538.0,1
148,19980830-19980909,19980907,0.0,0
148,19980830-19980909,19980908,0.0,0
148,19980830-19980909,19980903,0.0,0
148,19980830-19980909,19980830,0.0,0
195,20050607-20050615,20050614,0.0,0
195,20050607-20050615,20050613,0.0,0
195,20050607-20050615,20050608,13.0,0
195,20050607-20050615,20050610,0.0,0
195,20050607-20050615,20050612,236.0,1
195,20050607-20050615,20050609,0.0,0
195,20050607-20050615,20050615,0.0,0
195,20050607-20050615,20050607,0.0,0
195,20050607-20050615,20050611,330.0,1
111,19860812-19860831,19860830,0.0,0
111,19860812-19860831,19860812,0.0,0
111,19860812-19860831,19860815,0.0,0
111,19860812-19860831,19860819,395.0,1
111,19860812-19860831,19860822,327.5,1
111,19860812-19860831,19860824,67.5,0
111,19860812-19860831,19860827,0.0,0
111,19860812-19860831,19860825,0.0,0
111,19860812-19860831,19860829,171.5,1
111,19860812-19860831,19860821,0.0,0
111,19860812-19860831,19860814,0.0,0
111,19860812-19860831,19860831,0.0,0
111,19860812-19860831,19860818,0.0,0
111,19860812-19860831,19860820,4.0,0
111,19860812-19860831,19860826,0.0,0
111,19860812-19860831,19860816,0.0,0
111,19860812-19860831,19860823,0.0,0
111,19860812-19860831,19860817,81.5,0
111,19860812-19860831,19860828,37.0,0
111,19860812-19860831,19860813,0.0,0
201,20050703-20050719,20050707,173.0,1
201,20050703-20050719,20050703,56.0,0
201,20050703-20050719,20050717,0.0,0
201,20050703-20050719,20050715,142.0,1
201,20050703-20050719,20050718,0.0,0
201,20050703-20050719,20050713,0.0,0
201,20050703-20050719,20050705,8.0,0
201,20050703-20050719,20050709,0.0,0
201,20050703-20050719,20050719,25.0,0
201,20050703-20050719,20050710,114.0,0
201,20050703-20050719,20050716,130.0,0
201,20050703-20050719,20050708,0.0,0
201,20050703-20050719,20050714,64.0,0
201,20050703-20050719,20050712,33.0,0
201,20050703-20050719,20050706,0.0,0
201,20050703-20050719,20050711,1194.0,1
201,20050703-20050719,20050704,0.0,0
51,19650826-19650914,19650827,13.0,0
51,19650826-19650914,19650906,0.0,0
51,19650826-19650914,19650829,0.0,0
51,19650826-19650914,19650905,361.0,1
51,19650826-19650914,19650831,0.0,0
51,19650826-19650914,19650914,0.0,0
51,19650826-19650914,19650828,0.0,0
51,19650826-19650914,19650913,0.0,0
51,19650826-19650914,19650909,2065.0,1
51,19650826-19650914,19650904,150.0,1
51,19650826-19650914,19650826,0.0,0
51,19650826-19650914,19650910,1036.0,1
51,19650826-19650914,19650901,0.0,0
51,19650826-19650914,19650830,0.0,0
51,19650826-19650914,19650903,8.0,0
51,19650826-19650914,19650908,0.0,0
51,19650826-19650914,19650911,0.0,0
51,19650826-19650914,19650912,0.0,0
51,19650826-19650914,19650902,38.0,0
51,19650826-19650914,19650907,0.0,0
141,19961003-19961009,19961009,0.0,0
141,19961003-19961009,19961006,0.0,0
141,19961003-19961009,19961007,336.5,1
141,19961003-19961009,19961008,881.5,1
141,19961003-19961009,19961004,0.0,0
141,19961003-19961009,19961003,8.0,0
141,19961003-19961009,19961005,0.0,0
122,19890920-19890923,19890920,13.6666666667,0
122,19890920-19890923,19890923,21.0,0
122,19890920-19890923,19890921,960.666666667,1
122,19890920-19890923,19890922,534.333333333,1
132,19940813-19940820,19940814,461.0,1
132,19940813-19940820,19940815,1263.5,1
132,19940813-19940820,19940820,38.0,0
132,19940813-19940820,19940813,245.5,1
132,19940813-19940820,19940816,489.0,1
132,19940813-19940820,19940817,15.5,0
132,19940813-19940820,19940819,90.0,0
132,19940813-19940820,19940818,47.0,0
235,20110726-20110731,20110727,0.0,0
235,20110726-20110731,20110731,0.0,0
235,20110726-20110731,20110730,1.66666666667,0
235,20110726-20110731,20110726,0.0,0
235,20110726-20110731,20110728,0.0,0
235,20110726-20110731,20110729,0.0,0
170,20010910-20010922,20010922,0.0,0
170,20010910-20010922,20010910,218.0,1
170,20010910-20010922,20010913,272.0,1
170,20010910-20010922,20010921,0.0,0
170,20010910-20010922,20010917,0.0,0
170,20010910-20010922,20010911,109.0,0
170,20010910-20010922,20010914,554.0,1
170,20010910-20010922,20010915,64.0,0
170,20010910-20010922,20010919,81.0,0
170,20010910-20010922,20010918,0.0,0
170,20010910-20010922,20010916,0.0,0
170,20010910-20010922,20010920,0.0,0
170,20010910-20010922,20010912,46.0,0
37,19600908-19600914,19600913,113.266666667,1
37,19600908-19600914,19600908,0.0,0
37,19600908-19600914,19600911,157.466666667,1
37,19600908-19600914,19600909,33.0,0
37,19600908-19600914,19600914,6.85714285714,0
37,19600908-19600914,19600912,932.933333333,1
37,19600908-19600914,19600910,33.2,0
69,19700907-19700914,19700912,0.0,0
69,19700907-19700914,19700913,41.0,1
69,19700907-19700914,19700914,0.0,0
69,19700907-19700914,19700910,0.0,0
69,19700907-19700914,19700911,165.0,1
69,19700907-19700914,19700908,0.0,0
69,19700907-19700914,19700907,0.0,0
69,19700907-19700914,19700909,0.0,0
198,20050822-20050901,20050822,82.5,0
198,20050822-20050901,20050825,4.0,0
198,20050822-20050901,20050830,0.0,0
198,20050822-20050901,20050831,4.33333333333,0
198,20050822-20050901,20050901,3.25,0
198,20050822-20050901,20050824,4.0,0
198,20050822-20050901,20050827,6.25,0
198,20050822-20050901,20050826,30.5,0
198,20050822-20050901,20050828,0.0,0
198,20050822-20050901,20050829,2029.5,1
198,20050822-20050901,20050823,100.6,0
96,19801106-19801117,19801113,0.0,0
96,19801106-19801117,19801110,0.0,0
96,19801106-19801117,19801108,0.0,0
96,19801106-19801117,19801106,0.0,0
96,19801106-19801117,19801109,0.0,0
96,19801106-19801117,19801114,0.0,0
96,19801106-19801117,19801112,0.0,0
96,19801106-19801117,19801111,0.0,0
96,19801106-19801117,19801117,18.0,0
96,19801106-19801117,19801115,0.0,0
96,19801106-19801117,19801107,0.0,0
96,19801106-19801117,19801116,0.0,0
227,20080119-20080121,20080119,2.5,0
227,20080119-20080121,20080120,17.0,0
227,20080119-20080121,20080121,16.75,0
173,20020803-20020810,20020804,24.8,0
173,20020803-20020810,20020810,0.0,0
173,20020803-20020810,20020806,25.6,0
173,20020803-20020810,20020809,93.0,0
173,20020803-20020810,20020805,550.6,1
173,20020803-20020810,20020803,79.2,0
173,20020803-20020810,20020807,50.8,0
173,20020803-20020810,20020808,11.6,0
204,20050917-20050927,20050921,33.5,0
204,20050917-20050927,20050920,304.5,1
204,20050917-20050927,20050923,2.5,0
204,20050917-20050927,20050926,15.0,0
204,20050917-20050927,20050919,34.0,0
204,20050917-20050927,20050922,197.0,1
204,20050917-20050927,20050927,0.0,0
204,20050917-20050927,20050924,0.0,0
204,20050917-20050927,20050918,28.0,0
204,20050917-20050927,20050925,0.0,0
204,20050917-20050927,20050917,157.5,1
32,19590919-19591003,19590928,57.0,0
32,19590919-19591003,19590925,0.0,0
32,19590919-19591003,19590921,1.0,0
32,19590919-19591003,19590919,0.0,0
32,19590919-19591003,19590920,0.0,0
32,19590919-19591003,19590926,0.0,0
32,19590919-19591003,19590927,0.0,0
32,19590919-19591003,19591003,0.0,0
32,19590919-19591003,19590929,1249.5,1
32,19590919-19591003,19590930,12.6666666667,0
32,19590919-19591003,19590924,0.0,0
32,19590919-19591003,19590923,0.0,0
32,19590919-19591003,19591002,0.0,0
32,19590919-19591003,19590922,0.0,0
32,19590919-19591003,19591001,0.0,0
33,19590704-19590713,19590708,65.0,0
33,19590704-19590713,19590707,0.0,0
33,19590704-19590713,19590710,0.0,0
33,19590704-19590713,19590706,0.0,0
33,19590704-19590713,19590713,149.0,1
33,19590704-19590713,19590711,80.6666666667,0
33,19590704-19590713,19590704,488.666666667,1
33,19590704-19590713,19590712,340.333333333,1
33,19590704-19590713,19590709,510.666666667,1
33,19590704-19590713,19590705,5.0,0
150,19980907-19980914,19980911,816.0,1
150,19980907-19980914,19980912,134.75,1
150,19980907-19980914,19980909,814.25,1
150,19980907-19980914,19980914,24.25,0
150,19980907-19980914,19980907,72.25,0
150,19980907-19980914,19980910,1191.75,1
150,19980907-19980914,19980908,132.75,1
150,19980907-19980914,19980913,24.75,0
50,19650610-19650619,19650611,364.5,1
50,19650610-19650619,19650617,381.0,1
50,19650610-19650619,19650619,4.0,0
50,19650610-19650619,19650616,295.0,1
50,19650610-19650619,19650612,254.0,1
50,19650610-19650619,19650615,1345.0,1
50,19650610-19650619,19650614,40.5,0
50,19650610-19650619,19650610,359.5,1
50,19650610-19650619,19650613,2.5,0
50,19650610-19650619,19650618,139.5,1
101,19830814-19830822,19830822,0.0,0
101,19830814-19830822,19830814,6.25,0
101,19830814-19830822,19830815,0.75,0
101,19830814-19830822,19830819,29.75,0
101,19830814-19830822,19830818,901.75,1
101,19830814-19830822,19830816,100.0,0
101,19830814-19830822,19830821,0.0,0
101,19830814-19830822,19830820,0.0,0
101,19830814-19830822,19830817,584.75,1
77,19720603-19720623,19720615,0.0,0
77,19720603-19720623,19720621,60.25,0
77,19720603-19720623,19720607,81.75,0
77,19720603-19720623,19720609,0.0,0
77,19720603-19720623,19720604,5.0,0
77,19720603-19720623,19720622,634.0,1
77,19720603-19720623,19720620,2.0,0
77,19720603-19720623,19720616,0.0,0
77,19720603-19720623,19720623,328.25,1
77,19720603-19720623,19720614,249.75,1
77,19720603-19720623,19720603,0.0,0
77,19720603-19720623,19720612,0.0,0
77,19720603-19720623,19720613,43.75,0
77,19720603-19720623,19720610,68.0,0
77,19720603-19720623,19720611,0.0,0
77,19720603-19720623,19720617,303.5,1
77,19720603-19720623,19720608,0.0,0
77,19720603-19720623,19720606,27.25,0
77,19720603-19720623,19720605,15.25,0
77,19720603-19720623,19720618,158.25,1
77,19720603-19720623,19720619,0.0,0
131,19930830-19930902,19930830,0.0,0
131,19930830-19930902,19930831,954.0,1
131,19930830-19930902,19930901,0.0,0
131,19930830-19930902,19930902,0.0,0
104,19850827-19850905,19850828,52.0,0
104,19850827-19850905,19850829,141.0,1
104,19850827-19850905,19850902,122.0,0
104,19850827-19850905,19850830,640.0,1
104,19850827-19850905,19850831,547.5,1
104,19850827-19850905,19850904,0.0,0
104,19850827-19850905,19850903,10.0,0
104,19850827-19850905,19850905,57.0,0
104,19850827-19850905,19850901,390.0,1
104,19850827-19850905,19850827,15.0,0
54,19650826-19650911,19650827,0.0,0
54,19650826-19650911,19650906,14.3333333333,0
54,19650826-19650911,19650829,30.3333333333,0
54,19650826-19650911,19650905,83.6666666667,0
54,19650826-19650911,19650831,93.0,0
54,19650826-19650911,19650828,28.6666666667,0
54,19650826-19650911,19650909,34.5,0
54,19650826-19650911,19650904,21.0,0
54,19650826-19650911,19650826,39.0,0
54,19650826-19650911,19650910,0.0,0
54,19650826-19650911,19650901,3.66666666667,0
54,19650826-19650911,19650830,45.6666666667,0
54,19650826-19650911,19650903,0.0,0
54,19650826-19650911,19650908,1887.5,1
54,19650826-19650911,19650911,0.0,0
54,19650826-19650911,19650902,6.66666666667,0
54,19650826-19650911,19650907,72.5,0
99,19820908-19820913,19820912,92.3333333333,0
99,19820908-19820913,19820911,248.0,1
99,19820908-19820913,19820908,0.0,0
99,19820908-19820913,19820909,5.0,0
99,19820908-19820913,19820913,2.66666666667,0
99,19820908-19820913,19820910,27.0,0
123,19901008-19901014,19901012,0.0,0
123,19901008-19901014,19901014,0.0,0
123,19901008-19901014,19901008,0.0,0
123,19901008-19901014,19901013,0.0,0
123,19901008-19901014,19901009,210.5,1
123,19901008-19901014,19901010,264.0,1
123,19901008-19901014,19901011,77.5,0
119,19890623-19890702,19890625,129.25,1
119,19890623-19890702,19890623,44.5,0
119,19890623-19890702,19890624,64.75,0
119,19890623-19890702,19890626,297.25,1
119,19890623-19890702,19890701,261.25,1
119,19890623-19890702,19890627,1270.5,1
119,19890623-19890702,19890629,353.0,1
119,19890623-19890702,19890702,88.5,0
119,19890623-19890702,19890630,927.75,1
119,19890623-19890702,19890628,98.5,0
130,19930617-19930622,19930620,209.8,1
130,19930617-19930622,19930621,156.4,1
130,19930617-19930622,19930617,1.6,0
130,19930617-19930622,19930622,285.4,1
130,19930617-19930622,19930618,205.8,1
130,19930617-19930622,19930619,394.2,1
174,20020920-20021005,20020929,0.0,0
174,20020920-20021005,20021004,0.0,0
174,20020920-20021005,20020921,190.5,1
174,20020920-20021005,20020920,0.0,0
174,20020920-20021005,20021003,997.0,1
174,20020920-20021005,20021002,115.5,0
174,20020920-20021005,20020922,58.5,0
174,20020920-20021005,20020927,4.0,0
174,20020920-20021005,20020926,372.0,1
174,20020920-20021005,20021005,235.0,1
174,20020920-20021005,20020925,146.0,1
174,20020920-20021005,20020923,4.0,0
174,20020920-20021005,20020930,20.5,0
174,20020920-20021005,20021001,95.5,0
174,20020920-20021005,20020924,14.0,0
174,20020920-20021005,20020928,0.0,0
219,20070911-20070915,20070912,395.0,1
219,20070911-20070915,20070913,891.5,1
219,20070911-20070915,20070914,0.0,0
219,20070911-20070915,20070915,0.0,0
219,20070911-20070915,20070911,25.5,0
210,20050703-20050714,20050707,0.0,0
210,20050703-20050714,20050703,0.0,0
210,20050703-20050714,20050713,0.0,0
210,20050703-20050714,20050705,0.0,0
210,20050703-20050714,20050709,1080.0,1
210,20050703-20050714,20050710,0.0,0
210,20050703-20050714,20050708,200.5,1
210,20050703-20050714,20050714,0.0,0
210,20050703-20050714,20050712,0.0,0
210,20050703-20050714,20050706,0.0,0
210,20050703-20050714,20050711,0.0,0
210,20050703-20050714,20050704,0.0,0
29,19590722-19590729,19590722,26.375,0
29,19590722-19590729,19590724,549.0,1
29,19590722-19590729,19590729,51.75,0
29,19590722-19590729,19590723,29.625,0
29,19590722-19590729,19590725,1005.57142857,1
29,19590722-19590729,19590726,171.0,1
29,19590722-19590729,19590727,18.5,0
29,19590722-19590729,19590728,31.75,0
109,19850720-19850727,19850726,77.8,0
109,19850720-19850727,19850724,446.8,1
109,19850720-19850727,19850721,0.0,0
109,19850720-19850727,19850720,0.0,0
109,19850720-19850727,19850723,61.4,0
109,19850720-19850727,19850725,516.0,1
109,19850720-19850727,19850722,0.6,0
109,19850720-19850727,19850727,9.8,0
207,20050905-20050918,20050911,1.25,0
207,20050905-20050918,20050912,0.0,0
207,20050905-20050918,20050905,229.75,1
207,20050905-20050918,20050914,0.0,0
207,20050905-20050918,20050918,0.0,0
207,20050905-20050918,20050915,0.0,0
207,20050905-20050918,20050917,0.0,0
207,20050905-20050918,20050913,0.0,0
207,20050905-20050918,20050916,0.0,0
207,20050905-20050918,20050909,14.0,0
207,20050905-20050918,20050908,82.25,0
207,20050905-20050918,20050910,0.0,0
207,20050905-20050918,20050906,280.75,1
207,20050905-20050918,20050907,200.0,1
180,20030706-20030718,20030714,12.5,0
180,20030706-20030718,20030715,457.0,1
180,20030706-20030718,20030712,25.5,0
180,20030706-20030718,20030707,6.5,0
180,20030706-20030718,20030711,216.0,1
180,20030706-20030718,20030710,28.0,0
180,20030706-20030718,20030713,0.0,0
180,20030706-20030718,20030717,0.0,0
180,20030706-20030718,20030708,25.5,0
180,20030706-20030718,20030718,0.0,0
180,20030706-20030718,20030716,198.0,1
180,20030706-20030718,20030709,106.5,1
180,20030706-20030718,20030706,14.0,0
40,19630915-19630921,19630918,416.5,1
40,19630915-19630921,19630917,921.0,1
40,19630915-19630921,19630919,113.0,0
40,19630915-19630921,19630921,0.0,0
40,19630915-19630921,19630920,0.0,0
40,19630915-19630921,19630916,102.5,0
40,19630915-19630921,19630915,8.0,0
234,20100823-20100907,20100905,0.0,0
234,20100823-20100907,20100823,36.0,0
234,20100823-20100907,20100902,551.0,1
234,20100823-20100907,20100827,0.0,0
234,20100823-20100907,20100828,0.0,0
234,20100823-20100907,20100826,0.0,0
234,20100823-20100907,20100901,0.0,0
234,20100823-20100907,20100907,0.0,0
234,20100823-20100907,20100904,0.0,0
234,20100823-20100907,20100906,0.0,0
234,20100823-20100907,20100825,0.0,0
234,20100823-20100907,20100824,1339.0,1
234,20100823-20100907,20100903,597.0,1
234,20100823-20100907,20100830,0.0,0
234,20100823-20100907,20100829,0.0,0
234,20100823-20100907,20100831,0.0,0
127,19920921-19920927,19920924,38.0,0
127,19920921-19920927,19920926,0.0,0
127,19920921-19920927,19920921,8.0,0
127,19920921-19920927,19920925,13.0,0
127,19920921-19920927,19920922,157.0,1
127,19920921-19920927,19920923,0.0,0
127,19920921-19920927,19920927,0.0,0
70,19700730-19700806,19700806,23.0,0
70,19700730-19700806,19700731,0.0,0
70,19700730-19700806,19700802,0.0,0
70,19700730-19700806,19700801,0.0,0
70,19700730-19700806,19700803,573.5,1
70,19700730-19700806,19700804,406.4,1
70,19700730-19700806,19700730,0.0,0
70,19700730-19700806,19700805,9.2,0
129,19920904-19920914,19920907,17.2,0
129,19920904-19920914,19920909,6.2,0
129,19920904-19920914,19920908,7.2,0
129,19920904-19920914,19920913,0.0,0
129,19920904-19920914,19920906,3.6,0
129,19920904-19920914,19920905,50.8,0
129,19920904-19920914,19920904,26.6,0
129,19920904-19920914,19920914,12.2,0
129,19920904-19920914,19920911,219.4,1
129,19920904-19920914,19920912,152.5,1
129,19920904-19920914,19920910,16.5,0
169,20010119-20010121,20010120,70.25,0
169,20010119-20010121,20010119,7.6,0
169,20010119-20010121,20010121,0.0,0
52,19650826-19650914,19650827,0.0,0
52,19650826-19650914,19650906,6.5,0
52,19650826-19650914,19650829,45.5,0
52,19650826-19650914,19650905,106.5,0
52,19650826-19650914,19650831,66.0,0
52,19650826-19650914,19650914,0.0,0
52,19650826-19650914,19650828,43.0,0
52,19650826-19650914,19650913,0.0,0
52,19650826-19650914,19650909,34.5,0
52,19650826-19650914,19650904,16.5,0
52,19650826-19650914,19650826,56.0,0
52,19650826-19650914,19650910,0.0,0
52,19650826-19650914,19650901,1.5,0
52,19650826-19650914,19650830,52.0,0
52,19650826-19650914,19650903,0.0,0
52,19650826-19650914,19650908,1887.5,1
52,19650826-19650914,19650911,0.0,0
52,19650826-19650914,19650912,0.0,0
52,19650826-19650914,19650902,10.0,0
52,19650826-19650914,19650907,72.5,0
57,19660920-19661012,19661008,1.5,0
57,19660920-19661012,19660923,0.0,0
57,19660920-19661012,19661002,16.5,0
57,19660920-19661012,19660926,117.0,1
57,19660920-19661012,19660924,122.0,1
57,19660920-19661012,19660921,0.0,0
57,19660920-19661012,19661005,810.5,1
57,19660920-19661012,19661004,276.5,1
57,19660920-19661012,19660929,0.0,0
57,19660920-19661012,19660928,0.0,0
57,19660920-19661012,19661003,4.0,0
57,19660920-19661012,19661007,49.5,0
57,19660920-19661012,19660927,0.0,0
57,19660920-19661012,19661009,0.0,0
57,19660920-19661012,19660930,0.0,0
57,19660920-19661012,19660922,8.0,0
57,19660920-19661012,19661010,30.0,0
57,19660920-19661012,19660925,528.0,1
57,19660920-19661012,19661012,84.0,1
57,19660920-19661012,19661011,0.0,0
57,19660920-19661012,19661006,0.0,0
57,19660920-19661012,19661001,1.5,0
57,19660920-19661012,19660920,0.0,0
222,20080814-20080829,20080828,34.5,0
222,20080814-20080829,20080827,0.0,0
222,20080814-20080829,20080818,204.5,1
222,20080814-20080829,20080829,33.0,0
222,20080814-20080829,20080820,76.5,0
222,20080814-20080829,20080823,324.0,1
222,20080814-20080829,20080826,209.5,1
222,20080814-20080829,20080824,61.0,0
222,20080814-20080829,20080815,0.0,0
222,20080814-20080829,20080814,0.0,0
222,20080814-20080829,20080816,0.0,0
222,20080814-20080829,20080817,156.0,1
222,20080814-20080829,20080819,1169.5,1
222,20080814-20080829,20080822,53.0,0
222,20080814-20080829,20080821,12.5,0
222,20080814-20080829,20080825,66.0,0
36,19600621-19600630,19600624,515.75,1
36,19600621-19600630,19600627,0.0,0
36,19600621-19600630,19600623,332.0,1
36,19600621-19600630,19600625,445.5,1
36,19600621-19600630,19600630,0.0,0
36,19600621-19600630,19600629,1.25,0
36,19600621-19600630,19600621,0.0,0
36,19600621-19600630,19600628,0.0,0
36,19600621-19600630,19600626,38.75,0
36,19600621-19600630,19600622,0.0,0
228,20080827-20080909,20080828,156.666666667,1
228,20080827-20080909,20080827,359.0,1
228,20080827-20080909,20080905,297.333333333,1
228,20080827-20080909,20080908,0.0,0
228,20080827-20080909,20080829,7.66666666667,0
228,20080827-20080909,20080830,1.0,0
228,20080827-20080909,20080906,187.0,1
228,20080827-20080909,20080831,17.0,0
228,20080827-20080909,20080909,28.0,0
228,20080827-20080909,20080901,14.3333333333,0
228,20080827-20080909,20080902,1.0,0
228,20080827-20080909,20080904,0.0,0
228,20080827-20080909,20080903,0.0,0
228,20080827-20080909,20080907,0.0,0
220,20070508-20070512,20070508,1.0,0
220,20070508-20070512,20070511,0.0,0
220,20070508-20070512,20070510,20.3333333333,0
220,20070508-20070512,20070509,56.0,0
220,20070508-20070512,20070512,0.0,0
156,19980119-19980121,19980119,100.666666667,0
156,19980119-19980121,19980121,0.0,0
156,19980119-19980121,19980120,50.6666666667,0
115,19881116-19881127,19881116,0.0,0
115,19881116-19881127,19881118,0.0,0
115,19881116-19881127,19881123,283.6,1
115,19881116-19881127,19881119,0.0,0
115,19881116-19881127,19881125,0.0,0
115,19881116-19881127,19881127,0.0,0
115,19881116-19881127,19881120,0.0,0
115,19881116-19881127,19881121,0.0,0
115,19881116-19881127,19881117,0.0,0
115,19881116-19881127,19881122,159.8,1
115,19881116-19881127,19881124,0.0,0
115,19881116-19881127,19881126,0.0,0
46,19640819-19640906,19640831,26.1428571429,0
46,19640819-19640906,19640820,184.428571429,1
46,19640819-19640906,19640827,0.428571428571,0
46,19640819-19640906,19640825,69.0,0
46,19640819-19640906,19640830,0.0,0
46,19640819-19640906,19640824,95.7142857143,0
46,19640819-19640906,19640821,127.714285714,1
46,19640819-19640906,19640829,16.7142857143,0
46,19640819-19640906,19640826,16.0,0
46,19640819-19640906,19640901,15.2857142857,0
46,19640819-19640906,19640819,104.571428571,0
46,19640819-19640906,19640903,22.5714285714,0
46,19640819-19640906,19640906,144.714285714,1
46,19640819-19640906,19640905,71.1428571429,0
46,19640819-19640906,19640902,65.8571428571,0
46,19640819-19640906,19640904,152.285714286,1
46,19640819-19640906,19640823,4.71428571429,0
46,19640819-19640906,19640828,25.0,0
46,19640819-19640906,19640822,113.428571429,1
42,19640827-19640917,19640908,0.0,0
42,19640827-19640917,19640830,0.0,0
42,19640827-19640917,19640910,571.5,1
42,19640827-19640917,19640916,0.0,0
42,19640827-19640917,19640909,16.5,0
42,19640827-19640917,19640829,48.5,0
42,19640827-19640917,19640901,58.5,0
42,19640827-19640917,19640913,175.5,1
42,19640827-19640917,19640905,0.0,0
42,19640827-19640917,19640915,108.0,0
42,19640827-19640917,19640912,590.5,1
42,19640827-19640917,19640914,9.0,0
42,19640827-19640917,19640831,7.5,0
42,19640827-19640917,19640827,25.0,0
42,19640827-19640917,19640917,0.0,0
42,19640827-19640917,19640907,0.0,0
42,19640827-19640917,19640902,6.5,0
42,19640827-19640917,19640911,1850.0,1
42,19640827-19640917,19640903,95.0,0
42,19640827-19640917,19640906,2.5,0
42,19640827-19640917,19640904,52.0,0
42,19640827-19640917,19640828,86.5,0
61,19660603-19660615,19660612,0.0,0
61,19660603-19660615,19660610,0.0,0
61,19660603-19660615,19660608,249.0,1
61,19660603-19660615,19660604,149.0,1
61,19660603-19660615,19660606,57.0,0
61,19660603-19660615,19660607,321.5,1
61,19660603-19660615,19660614,0.0,0
61,19660603-19660615,19660611,0.0,0
61,19660603-19660615,19660609,10.0,0
61,19660603-19660615,19660605,270.5,1
61,19660603-19660615,19660603,588.0,1
61,19660603-19660615,19660615,0.0,0
61,19660603-19660615,19660613,0.0,0
176,20020919-20021013,20021013,61.0,0
176,20020919-20021013,20021012,59.3333333333,0
176,20020919-20021013,20021004,0.0,0
176,20020919-20021013,20020921,0.0,0
176,20020919-20021013,20021007,0.75,0
176,20020919-20021013,20021011,480.75,1
176,20020919-20021013,20020922,0.0,0
176,20020919-20021013,20020927,7.0,0
176,20020919-20021013,20021008,239.5,1
176,20020919-20021013,20021002,0.0,0
176,20020919-20021013,20020923,0.0,0
176,20020919-20021013,20020920,2.66666666667,0
176,20020919-20021013,20021001,0.0,0
176,20020919-20021013,20020924,13.25,0
176,20020919-20021013,20020928,1.25,0
176,20020919-20021013,20020929,0.0,0
176,20020919-20021013,20021003,0.0,0
176,20020919-20021013,20021006,0.0,0
176,20020919-20021013,20020926,406.25,1
176,20020919-20021013,20021009,261.0,1
176,20020919-20021013,20021005,0.75,0
176,20020919-20021013,20020925,416.5,1
176,20020919-20021013,20020930,0.0,0
176,20020919-20021013,20021010,147.75,1
176,20020919-20021013,20020919,61.0,0
221,20080824-20080906,20080828,0.0,0
221,20080824-20080906,20080904,8.0,0
221,20080824-20080906,20080827,0.0,0
221,20080824-20080906,20080905,0.0,0
221,20080824-20080906,20080902,218.0,1
221,20080824-20080906,20080829,0.0,0
221,20080824-20080906,20080901,897.0,1
221,20080824-20080906,20080830,0.0,0
221,20080824-20080906,20080903,0.0,0
221,20080824-20080906,20080831,0.0,0
221,20080824-20080906,20080906,0.0,0
160,19991012-19991020,19991019,0.0,0
160,19991012-19991020,19991012,0.0,0
160,19991012-19991020,19991017,62.0,0
160,19991012-19991020,19991013,0.0,0
160,19991012-19991020,19991018,0.0,0
160,19991012-19991020,19991016,465.0,1
160,19991012-19991020,19991020,0.0,0
160,19991012-19991020,19991014,0.0,0
160,19991012-19991020,19991015,123.666666667,1
10,19550822-19550831,19550831,68.5,0
10,19550822-19550831,19550826,358.5,1
10,19550822-19550831,19550822,0.0,0
10,19550822-19550831,19550823,0.0,0
10,19550822-19550831,19550829,127.0,0
10,19550822-19550831,19550824,0.0,0
10,19550822-19550831,19550828,54.5,0
10,19550822-19550831,19550830,0.0,0
10,19550822-19550831,19550825,119.0,0
10,19550822-19550831,19550827,236.5,1
133,19940629-19940708,19940707,2731.0,1
133,19940629-19940708,19940701,0.0,0
133,19940629-19940708,19940706,0.0,0
133,19940629-19940708,19940708,406.0,1
133,19940629-19940708,19940704,1369.0,1
133,19940629-19940708,19940629,0.0,0
133,19940629-19940708,19940702,0.0,0
133,19940629-19940708,19940705,429.0,1
133,19940629-19940708,19940703,495.0,1
133,19940629-19940708,19940630,0.0,0
81,19750912-19750925,19750923,975.0,1
81,19750912-19750925,19750919,12.5,0
81,19750912-19750925,19750912,12.5,0
81,19750912-19750925,19750922,157.0,1
81,19750912-19750925,19750924,0.0,0
81,19750912-19750925,19750916,0.0,0
81,19750912-19750925,19750917,615.0,1
81,19750912-19750925,19750918,61.0,0
81,19750912-19750925,19750921,168.0,1
81,19750912-19750925,19750913,0.0,0
81,19750912-19750925,19750915,0.0,0
81,19750912-19750925,19750925,0.0,0
81,19750912-19750925,19750920,0.0,0
81,19750912-19750925,19750914,0.0,0
76,19720613-19720624,19720615,0.0,0
76,19720613-19720624,19720622,0.0,0
76,19720613-19720624,19720619,927.0,1
76,19720613-19720624,19720620,112.0,0
76,19720613-19720624,19720616,0.0,0
76,19720613-19720624,19720623,0.0,0
76,19720613-19720624,19720614,0.0,0
76,19720613-19720624,19720621,38.0,0
76,19720613-19720624,19720613,0.0,0
76,19720613-19720624,19720617,0.0,0
76,19720613-19720624,19720618,38.0,0
76,19720613-19720624,19720624,0.0,0
182,20040901-20040925,20040902,132.0,0
182,20040901-20040925,20040910,0.0,0
182,20040901-20040925,20040915,904.0,1
182,20040901-20040925,20040923,0.0,0
182,20040901-20040925,20040909,0.0,0
182,20040901-20040925,20040920,0.0,0
182,20040901-20040925,20040916,1423.5,1
182,20040901-20040925,20040913,242.5,1
182,20040901-20040925,20040922,0.0,0
182,20040901-20040925,20040903,0.0,0
182,20040901-20040925,20040917,0.0,0
182,20040901-20040925,20040907,0.0,0
182,20040901-20040925,20040911,0.0,0
182,20040901-20040925,20040908,0.0,0
182,20040901-20040925,20040924,0.0,0
182,20040901-20040925,20040914,0.0,0
182,20040901-20040925,20040901,97.5,0
182,20040901-20040925,20040918,0.0,0
182,20040901-20040925,20040921,0.0,0
182,20040901-20040925,20040904,0.0,0
182,20040901-20040925,20040912,203.5,1
182,20040901-20040925,20040919,0.0,0
182,20040901-20040925,20040925,0.0,0
182,20040901-20040925,20040906,0.0,0
182,20040901-20040925,20040905,0.0,0
166,20010604-20010620,20010604,52.75,0
166,20010604-20010620,20010614,0.0,0
166,20010604-20010620,20010610,142.75,1
166,20010604-20010620,20010616,0.0,0
166,20010604-20010620,20010620,72.5,0
166,20010604-20010620,20010607,362.5,1
166,20010604-20010620,20010612,0.0,0
166,20010604-20010620,20010613,0.0,0
166,20010604-20010620,20010619,0.0,0
166,20010604-20010620,20010615,20.5,0
166,20010604-20010620,20010617,0.0,0
166,20010604-20010620,20010606,181.0,1
166,20010604-20010620,20010611,13.5,0
166,20010604-20010620,20010608,586.0,1
166,20010604-20010620,20010605,226.75,1
166,20010604-20010620,20010618,0.0,0
166,20010604-20010620,20010609,678.75,1
172,20020904-20020912,20020911,0.0,0
172,20020904-20020912,20020904,247.0,1
172,20020904-20020912,20020910,350.0,1
172,20020904-20020912,20020907,612.0,1
172,20020904-20020912,20020912,0.0,0
172,20020904-20020912,20020909,612.75,1
172,20020904-20020912,20020908,216.75,1
172,20020904-20020912,20020905,70.5,0
172,20020904-20020912,20020906,995.75,1
112,19871008-19871015,19871015,0.0,0
112,19871008-19871015,19871008,0.0,0
112,19871008-19871015,19871014,0.0,0
112,19871008-19871015,19871013,0.0,0
112,19871008-19871015,19871009,5.0,0
112,19871008-19871015,19871012,293.5,1
112,19871008-19871015,19871011,563.0,1
112,19871008-19871015,19871010,437.0,1
64,19681012-19681022,19681012,0.0,0
64,19681012-19681022,19681022,0.0,0
64,19681012-19681022,19681020,0.0,0
64,19681012-19681022,19681014,0.0,0
64,19681012-19681022,19681017,133.5,1
64,19681012-19681022,19681016,37.5,0
64,19681012-19681022,19681018,512.25,1
64,19681012-19681022,19681015,2.5,0
64,19681012-19681022,19681019,456.5,1
64,19681012-19681022,19681021,0.0,0
64,19681012-19681022,19681013,0.0,0
44,19641007-19641018,19641018,0.0,0
44,19641007-19641018,19641011,17.5,0
44,19641007-19641018,19641010,1.5,0
44,19641007-19641018,19641017,1.5,0
44,19641007-19641018,19641015,0.0,0
44,19641007-19641018,19641007,0.0,0
44,19641007-19641018,19641014,282.0,1
44,19641007-19641018,19641012,60.0,0
44,19641007-19641018,19641016,0.0,0
44,19641007-19641018,19641008,3.0,0
44,19641007-19641018,19641009,4.0,0
44,19641007-19641018,19641013,87.5,1
27,19591005-19591010,19591007,51.0,0
27,19591005-19591010,19591006,0.0,0
27,19591005-19591010,19591005,165.0,1
27,19591005-19591010,19591008,51.0,0
27,19591005-19591010,19591009,203.0,1
27,19591005-19591010,19591010,0.0,0
0,19501012-19501020,19501015,0.0,0
0,19501012-19501020,19501017,56.0,0
0,19501012-19501020,19501013,71.0,0
0,19501012-19501020,19501018,0.0,0
0,19501012-19501020,19501014,10.0,0
0,19501012-19501020,19501020,18.0,0
0,19501012-19501020,19501016,20.0,0
0,19501012-19501020,19501019,0.0,0
0,19501012-19501020,19501012,155.0,1
43,19640927-19641006,19641003,1153.0,1
43,19640927-19641006,19641001,64.0,0
43,19640927-19641006,19640930,114.0,0
43,19640927-19641006,19640927,102.0,0
43,19640927-19641006,19640928,13.0,0
43,19640927-19641006,19641002,102.0,0
43,19640927-19641006,19641005,0.0,0
43,19640927-19641006,19641004,363.0,1
43,19640927-19641006,19640929,257.0,1
43,19640927-19641006,19641006,0.0,0
3,19501012-19501020,19501015,181.5,1
3,19501012-19501020,19501017,223.333333333,1
3,19501012-19501020,19501013,0.0,0
3,19501012-19501020,19501018,548.5,1
3,19501012-19501020,19501014,557.166666667,1
3,19501012-19501020,19501020,104.666666667,0
3,19501012-19501020,19501016,211.666666667,1
3,19501012-19501020,19501019,13.5,0
3,19501012-19501020,19501012,0.0,0
184,20040912-20040930,20040930,0.0,0
184,20040912-20040930,20040929,0.0,0
184,20040912-20040930,20040915,25.0,0
184,20040912-20040930,20040923,0.0,0
184,20040912-20040930,20040921,13.0,0
184,20040912-20040930,20040918,0.0,0
184,20040912-20040930,20040914,0.0,0
184,20040912-20040930,20040920,0.0,0
184,20040912-20040930,20040916,0.0,0
184,20040912-20040930,20040913,51.0,0
184,20040912-20040930,20040922,0.0,0
184,20040912-20040930,20040919,0.0,0
184,20040912-20040930,20040917,0.0,0
184,20040912-20040930,20040912,0.0,0
184,20040912-20040930,20040925,0.0,0
184,20040912-20040930,20040924,8.0,0
175,20020911-20020916,20020911,0.0,0
175,20020911-20020916,20020913,94.75,0
175,20020911-20020916,20020916,0.0,0
175,20020911-20020916,20020915,7.75,0
175,20020911-20020916,20020912,1.25,0
175,20020911-20020916,20020914,160.75,1
193,20040730-20040807,20040804,0.0,0
193,20040730-20040807,20040806,28.0,0
193,20040730-20040807,20040730,0.0,0
193,20040730-20040807,20040802,25.0,0
193,20040730-20040807,20040807,0.0,0
193,20040730-20040807,20040803,950.0,1
193,20040730-20040807,20040731,10.0,0
193,20040730-20040807,20040801,0.0,0
193,20040730-20040807,20040805,155.0,1
73,19710904-19710919,19710919,27.0,0
73,19710904-19710919,19710908,137.333333333,1
73,19710904-19710919,19710918,0.0,0
73,19710904-19710919,19710904,17.0,0
73,19710904-19710919,19710911,279.333333333,1
73,19710904-19710919,19710916,630.666666667,1
73,19710904-19710919,19710915,211.666666667,1
73,19710904-19710919,19710910,250.0,1
73,19710904-19710919,19710906,117.666666667,0
73,19710904-19710919,19710912,17.0,0
73,19710904-19710919,19710917,166.666666667,1
73,19710904-19710919,19710905,93.0,0
73,19710904-19710919,19710913,0.0,0
73,19710904-19710919,19710914,0.0,0
73,19710904-19710919,19710907,62.0,0
73,19710904-19710919,19710909,32.0,0
90,19790828-19790916,19790910,0.0,0
90,19790828-19790916,19790909,0.0,0
90,19790828-19790916,19790830,0.0,0
90,19790828-19790916,19790831,0.0,0
90,19790828-19790916,19790828,0.0,0
90,19790828-19790916,19790902,11.5,0
90,19790828-19790916,19790912,442.0,1
90,19790828-19790916,19790903,54.0,0
90,19790828-19790916,19790906,6.0,0
90,19790828-19790916,19790916,386.0,1
90,19790828-19790916,19790829,20.25,0
90,19790828-19790916,19790901,63.0,0
90,19790828-19790916,19790907,50.0,0
90,19790828-19790916,19790914,0.0,0
90,19790828-19790916,19790905,133.75,0
90,19790828-19790916,19790908,0.0,0
90,19790828-19790916,19790913,623.5,1
90,19790828-19790916,19790904,19.0,0
90,19790828-19790916,19790915,0.0,0
90,19790828-19790916,19790911,0.0,0
214,20060827-20060902,20060827,0.0,0
214,20060827-20060902,20060828,2.5,0
214,20060827-20060902,20060902,251.0,1
214,20060827-20060902,20060901,64.0,0
214,20060827-20060902,20060829,1.5,0
214,20060827-20060902,20060830,21.5,0
214,20060827-20060902,20060831,52.0,0
192,20040808-20040816,20040811,0.0,0
192,20040808-20040816,20040808,0.0,0
192,20040808-20040816,20040814,232.666666667,1
192,20040808-20040816,20040809,2.66666666667,0
192,20040808-20040816,20040810,0.0,0
192,20040808-20040816,20040816,90.0,0
192,20040808-20040816,20040815,129.333333333,1
192,20040808-20040816,20040812,131.333333333,1
192,20040808-20040816,20040813,486.0,1
199,20050917-20050927,20050921,0.0,0
199,20050917-20050927,20050920,0.0,0
199,20050917-20050927,20050923,645.0,1
199,20050917-20050927,20050926,0.0,0
199,20050917-20050927,20050919,0.0,0
199,20050917-20050927,20050922,0.0,0
199,20050917-20050927,20050927,46.0,0
199,20050917-20050927,20050924,1306.0,1
199,20050917-20050927,20050918,20.3333333333,0
199,20050917-20050927,20050925,0.0,0
199,20050917-20050927,20050917,1.0,0
191,20040824-20040911,20040827,6.5,0
191,20040824-20040911,20040902,30.5,0
191,20040824-20040911,20040910,0.0,0
191,20040824-20040911,20040826,52.0,0
191,20040824-20040911,20040901,291.0,1
191,20040824-20040911,20040911,96.5,0
191,20040824-20040911,20040828,25.0,0
191,20040824-20040911,20040909,124.5,1
191,20040824-20040911,20040825,0.0,0
191,20040824-20040911,20040824,4.0,0
191,20040824-20040911,20040903,0.0,0
191,20040824-20040911,20040908,24.0,0
191,20040824-20040911,20040907,298.5,1
191,20040824-20040911,20040831,19.0,0
191,20040824-20040911,20040906,25.5,0
191,20040824-20040911,20040904,0.0,0
191,20040824-20040911,20040905,0.0,0
6,19540119-19540121,19540120,173.0,1
6,19540119-19540121,19540119,28.0,0
6,19540119-19540121,19540121,5.0,0
58,19660603-19660615,19660612,0.0,0
58,19660603-19660615,19660610,0.0,0
58,19660603-19660615,19660608,500.0,1
58,19660603-19660615,19660604,0.0,0
58,19660603-19660615,19660606,264.0,1
58,19660603-19660615,19660607,209.5,1
58,19660603-19660615,19660614,205.5,1
58,19660603-19660615,19660611,0.0,0
58,19660603-19660615,19660609,81.0,0
58,19660603-19660615,19660605,11.5,0
58,19660603-19660615,19660603,7.5,0
58,19660603-19660615,19660615,82.5,0
58,19660603-19660615,19660613,4.0,0
177,20020907-20020916,20020911,143.5,1
177,20020907-20020916,20020913,0.0,0
177,20020907-20020916,20020910,652.5,1
177,20020907-20020916,20020916,58.5,0
177,20020907-20020916,20020907,0.0,0
177,20020907-20020916,20020912,0.0,0
177,20020907-20020916,20020909,39.5,0
177,20020907-20020916,20020908,1.5,0
177,20020907-20020916,20020915,0.0,0
177,20020907-20020916,20020914,0.0,0
149,19980914-19981002,19980929,291.0,1
149,19980914-19981002,19980928,2933.75,1
149,19980914-19981002,19980927,81.4,0
149,19980914-19981002,19980922,14.8,0
149,19980914-19981002,19980921,220.6,1
149,19980914-19981002,19980926,0.0,0
149,19980914-19981002,19981001,0.0,0
149,19980914-19981002,19980930,3.6,0
149,19980914-19981002,19980916,0.0,0
149,19980914-19981002,19980925,0.0,0
149,19980914-19981002,19981002,0.0,0
149,19980914-19981002,19980917,6.6,0
149,19980914-19981002,19980915,0.0,0
149,19980914-19981002,19980923,80.0,0
149,19980914-19981002,19980919,102.2,0
149,19980914-19981002,19980914,3.0,0
149,19980914-19981002,19980920,337.8,1
149,19980914-19981002,19980924,0.0,0
149,19980914-19981002,19980918,184.4,1
34,19600828-19600915,19600902,5.0,0
34,19600828-19600915,19600906,124.0,1
34,19600828-19600915,19600908,30.0,0
34,19600828-19600915,19600915,0.0,0
34,19600828-19600915,19600829,0.0,0
34,19600828-19600915,19600904,300.0,1
34,19600828-19600915,19600905,64.0,0
34,19600828-19600915,19600831,122.0,1
34,19600828-19600915,19600901,76.0,0
34,19600828-19600915,19600828,0.0,0
34,19600828-19600915,19600830,373.0,1
34,19600828-19600915,19600903,0.0,0
34,19600828-19600915,19600907,0.0,0
97,19800903-19800908,19800906,1513.0,1
97,19800903-19800908,19800905,1003.33333333,1
97,19800903-19800908,19800908,94.6666666667,0
97,19800903-19800908,19800907,112.0,0
97,19800903-19800908,19800903,0.0,0
97,19800903-19800908,19800904,0.0,0
21,19570906-19570910,19570906,109.333333333,0
21,19570906-19570910,19570907,439.666666667,1
21,19570906-19570910,19570909,634.0,1
21,19570906-19570910,19570910,254.0,1
21,19570906-19570910,19570908,768.666666667,1
60,19660920-19661012,19661008,1.5,0
60,19660920-19661012,19660923,0.0,0
60,19660920-19661012,19661002,16.5,0
60,19660920-19661012,19660926,117.0,1
60,19660920-19661012,19660924,122.0,1
60,19660920-19661012,19660921,0.0,0
60,19660920-19661012,19661005,810.5,1
60,19660920-19661012,19661004,276.5,1
60,19660920-19661012,19660929,0.0,0
60,19660920-19661012,19660928,0.0,0
60,19660920-19661012,19661003,4.0,0
60,19660920-19661012,19661007,49.5,0
60,19660920-19661012,19660927,0.0,0
60,19660920-19661012,19661009,0.0,0
60,19660920-19661012,19660930,0.0,0
60,19660920-19661012,19660922,8.0,0
60,19660920-19661012,19661010,30.0,0
60,19660920-19661012,19660925,528.0,1
60,19660920-19661012,19661012,84.0,1
60,19660920-19661012,19661011,0.0,0
60,19660920-19661012,19661006,0.0,0
60,19660920-19661012,19661001,1.5,0
60,19660920-19661012,19660920,0.0,0
94,19790824-19790909,19790827,14.0,0
94,19790824-19790909,19790825,54.5,0
94,19790824-19790909,19790831,26.5,0
94,19790824-19790909,19790828,497.0,1
94,19790824-19790909,19790907,36.0,0
94,19790824-19790909,19790909,8.0,0
94,19790824-19790909,19790904,13.0,0
94,19790824-19790909,19790829,2.5,0
94,19790824-19790909,19790901,117.0,1
94,19790824-19790909,19790824,0.0,0
94,19790824-19790909,19790830,77.5,0
94,19790824-19790909,19790905,13.0,0
94,19790824-19790909,19790908,0.0,0
94,19790824-19790909,19790826,8.0,0
94,19790824-19790909,19790906,38.0,0
158,19990817-19990826,19990820,0.0,0
158,19990817-19990826,19990826,0.0,0
158,19990817-19990826,19990817,0.0,0
158,19990817-19990826,19990825,0.0,0
158,19990817-19990826,19990819,0.0,0
158,19990817-19990826,19990821,0.0,0
158,19990817-19990826,19990818,0.0,0
102,19840907-19840917,19840908,0.0,0
102,19840907-19840917,19840910,145.0,1
102,19840907-19840917,19840914,235.333333333,1
102,19840907-19840917,19840912,1193.0,1
102,19840907-19840917,19840915,2.66666666667,0
102,19840907-19840917,19840916,60.3333333333,0
102,19840907-19840917,19840909,138.0,1
102,19840907-19840917,19840911,806.333333333,1
102,19840907-19840917,19840917,0.0,0
102,19840907-19840917,19840913,1592.66666667,1
102,19840907-19840917,19840907,0.0,0
165,20010910-20010922,20010922,0.0,0
165,20010910-20010922,20010910,218.0,1
165,20010910-20010922,20010913,272.0,1
165,20010910-20010922,20010921,0.0,0
165,20010910-20010922,20010917,0.0,0
165,20010910-20010922,20010911,109.0,0
165,20010910-20010922,20010914,554.0,1
165,20010910-20010922,20010915,64.0,0
165,20010910-20010922,20010919,81.0,0
165,20010910-20010922,20010918,0.0,0
165,20010910-20010922,20010916,0.0,0
165,20010910-20010922,20010920,0.0,0
165,20010910-20010922,20010912,46.0,0
9,19550903-19550907,19550903,0.0,0
9,19550903-19550907,19550905,176.5,1
9,19550903-19550907,19550906,1596.5,1
9,19550903-19550907,19550907,744.75,1
9,19550903-19550907,19550904,0.75,0
79,19740828-19740911,19740902,18.0,0
79,19740828-19740911,19740903,48.0,0
79,19740828-19740911,19740905,0.0,0
79,19740828-19740911,19740829,76.0,0
79,19740828-19740911,19740910,0.0,0
79,19740828-19740911,19740911,0.0,0
79,19740828-19740911,19740909,203.0,1
79,19740828-19740911,19740830,53.0,0
79,19740828-19740911,19740908,914.0,1
79,19740828-19740911,19740907,132.0,0
79,19740828-19740911,19740828,13.0,0
79,19740828-19740911,19740901,0.0,0
79,19740828-19740911,19740831,137.0,0
79,19740828-19740911,19740906,0.0,0
79,19740828-19740911,19740904,0.0,0
83,19760816-19760822,19760818,0.0,0
83,19760816-19760822,19760817,39.0,0
83,19760816-19760822,19760820,158.333333333,1
83,19760816-19760822,19760821,366.666666667,1
83,19760816-19760822,19760816,138.0,1
83,19760816-19760822,19760822,20.3333333333,0
83,19760816-19760822,19760819,0.0,0
8,19550730-19550804,19550801,661.4,1
8,19550730-19550804,19550804,27.0,0
8,19550730-19550804,19550731,66.0,0
8,19550730-19550804,19550803,266.2,1
8,19550730-19550804,19550802,922.6,1
8,19550730-19550804,19550730,183.4,1
186,20040901-20040925,20040902,0.0,0
186,20040901-20040925,20040910,0.0,0
186,20040901-20040925,20040915,70.0,0
186,20040901-20040925,20040923,39.5,0
186,20040901-20040925,20040909,0.0,0
186,20040901-20040925,20040920,0.0,0
186,20040901-20040925,20040916,0.0,0
186,20040901-20040925,20040913,7.5,0
186,20040901-20040925,20040922,0.0,0
186,20040901-20040925,20040903,14.0,0
186,20040901-20040925,20040917,0.0,0
186,20040901-20040925,20040907,4.0,0
186,20040901-20040925,20040911,0.0,0
186,20040901-20040925,20040908,0.0,0
186,20040901-20040925,20040924,106.5,0
186,20040901-20040925,20040914,129.5,1
186,20040901-20040925,20040901,0.0,0
186,20040901-20040925,20040918,0.0,0
186,20040901-20040925,20040921,0.0,0
186,20040901-20040925,20040904,117.0,0
186,20040901-20040925,20040912,20.5,0
186,20040901-20040925,20040919,0.0,0
186,20040901-20040925,20040925,0.0,0
186,20040901-20040925,20040906,0.0,0
186,20040901-20040925,20040905,12.5,0
17,19560920-19561001,19561001,0.0,0
17,19560920-19561001,19560922,0.0,0
17,19560920-19561001,19560928,13.625,0
17,19560920-19561001,19560921,0.0,0
17,19560920-19561001,19560920,1.375,0
17,19560920-19561001,19560929,0.0,0
17,19560920-19561001,19560924,18.75,0
17,19560920-19561001,19560925,24.5,0
17,19560920-19561001,19560930,0.0,0
17,19560920-19561001,19560926,205.5,1
17,19560920-19561001,19560927,415.75,1
17,19560920-19561001,19560923,0.0,0
62,19670904-19670923,19670913,0.0,0
62,19670904-19670923,19670905,128.5,1
62,19670904-19670923,19670915,0.0,0
62,19670904-19670923,19670904,1206.5,1
62,19670904-19670923,19670917,58.5,1
62,19670904-19670923,19670912,0.0,0
62,19670904-19670923,19670906,4.0,0
62,19670904-19670923,19670907,0.0,0
62,19670904-19670923,19670923,0.0,0
62,19670904-19670923,19670914,0.0,0
62,19670904-19670923,19670918,12.5,0
62,19670904-19670923,19670910,0.0,0
62,19670904-19670923,19670919,97.0,1
62,19670904-19670923,19670908,0.0,0
62,19670904-19670923,19670909,0.0,0
62,19670904-19670923,19670916,26.5,0
62,19670904-19670923,19670911,0.0,0
30,19590527-19590603,19590602,0.0,0
30,19590527-19590603,19590529,28.0,0
30,19590527-19590603,19590603,0.0,0
30,19590527-19590603,19590527,0.0,0
30,19590527-19590603,19590531,617.0,1
30,19590527-19590603,19590601,157.0,1
30,19590527-19590603,19590530,218.0,1
30,19590527-19590603,19590528,79.0,0
159,19990918-19990923,19990920,571.5,1
159,19990918-19990923,19990922,0.0,0
159,19990918-19990923,19990918,151.75,1
159,19990918-19990923,19990919,240.75,1
159,19990918-19990923,19990921,93.25,0
159,19990918-19990923,19990923,0.0,0
239,20120622-20120628,20120626,572.0,1
239,20120622-20120628,20120623,56.0,0
239,20120622-20120628,20120624,572.0,1
239,20120622-20120628,20120622,3.0,0
239,20120622-20120628,20120625,1600.0,1
239,20120622-20120628,20120627,254.0,1
59,19660920-19661012,19661008,0.0,0
59,19660920-19661012,19660923,0.0,0
59,19660920-19661012,19661002,0.0,0
59,19660920-19661012,19660926,0.0,0
59,19660920-19661012,19660924,0.0,0
59,19660920-19661012,19660921,0.0,0
59,19660920-19661012,19661005,0.0,0
59,19660920-19661012,19661004,2.0,0
59,19660920-19661012,19660929,0.0,0
59,19660920-19661012,19660928,112.2,1
59,19660920-19661012,19661003,0.0,0
59,19660920-19661012,19661007,0.0,0
59,19660920-19661012,19660927,47.2,0
59,19660920-19661012,19661009,0.0,0
59,19660920-19661012,19660930,0.0,0
59,19660920-19661012,19660922,0.0,0
59,19660920-19661012,19661010,23.4,0
59,19660920-19661012,19660925,0.0,0
59,19660920-19661012,19661012,101.6,1
59,19660920-19661012,19661011,36.8,0
59,19660920-19661012,19661006,0.0,0
59,19660920-19661012,19661001,97.0,1
59,19660920-19661012,19660920,0.0,0
78,19730831-19730908,19730906,269.833333333,1
78,19730831-19730908,19730902,42.3333333333,0
78,19730831-19730908,19730831,4.16666666667,0
78,19730831-19730908,19730903,17.3333333333,0
78,19730831-19730908,19730904,244.333333333,1
78,19730831-19730908,19730907,8.5,0
78,19730831-19730908,19730908,77.8333333333,0
78,19730831-19730908,19730905,748.333333333,1
78,19730831-19730908,19730901,22.0,0
152,19980820-19980825,19980823,16.5,0
152,19980820-19980825,19980820,0.0,0
152,19980820-19980825,19980825,5.0,0
152,19980820-19980825,19980822,514.5,1
152,19980820-19980825,19980821,90.0,0
152,19980820-19980825,19980824,25.5,0
49,19640819-19640906,19640831,6.83333333333,0
49,19640819-19640906,19640820,169.0,1
49,19640819-19640906,19640827,1108.5,1
49,19640819-19640906,19640825,23.8333333333,0
49,19640819-19640906,19640830,2.16666666667,0
49,19640819-19640906,19640824,1.33333333333,0
49,19640819-19640906,19640821,21.6666666667,0
49,19640819-19640906,19640829,6.33333333333,0
49,19640819-19640906,19640826,97.8333333333,0
49,19640819-19640906,19640901,6.83333333333,0
49,19640819-19640906,19640819,8.5,0
49,19640819-19640906,19640903,8.83333333333,0
49,19640819-19640906,19640906,1.33333333333,0
49,19640819-19640906,19640905,51.6666666667,0
49,19640819-19640906,19640902,9.0,0
49,19640819-19640906,19640904,1.83333333333,0
49,19640819-19640906,19640823,36.8333333333,0
49,19640819-19640906,19640828,72.8333333333,0
49,19640819-19640906,19640822,22.5,0
183,20041007-20041012,20041008,221.666666667,1
183,20041007-20041012,20041009,720.166666667,1
183,20041007-20041012,20041011,49.1666666667,0
183,20041007-20041012,20041010,709.5,1
183,20041007-20041012,20041012,0.0,0
183,20041007-20041012,20041007,66.8333333333,0
168,20010801-20010809,20010807,43.5,0
168,20010801-20010809,20010806,876.5,1
168,20010801-20010809,20010801,341.5,1
168,20010801-20010809,20010802,52.0,0
168,20010801-20010809,20010808,62.5,0
168,20010801-20010809,20010803,28.0,0
168,20010801-20010809,20010804,0.0,0
168,20010801-20010809,20010809,145.0,1
168,20010801-20010809,20010805,0.0,0
232,20100624-20100703,20100626,0.0,0
232,20100624-20100703,20100701,840.0,1
232,20100624-20100703,20100627,0.0,0
232,20100624-20100703,20100702,412.25,1
232,20100624-20100703,20100624,5.25,0
232,20100624-20100703,20100628,24.75,0
232,20100624-20100703,20100630,242.0,1
232,20100624-20100703,20100629,26.0,0
232,20100624-20100703,20100703,17.0,0
232,20100624-20100703,20100625,0.0,0
11,19550909-19550925,19550914,17.6666666667,0
11,19550909-19550925,19550918,774.5,1
11,19550909-19550925,19550916,0.0,0
11,19550909-19550925,19550909,0.0,0
11,19550909-19550925,19550911,541.0,1
11,19550909-19550925,19550924,0.0,0
11,19550909-19550925,19550913,3.33333333333,0
11,19550909-19550925,19550912,0.0,0
11,19550909-19550925,19550921,0.0,0
11,19550909-19550925,19550915,0.0,0
11,19550909-19550925,19550922,0.0,0
11,19550909-19550925,19550925,0.0,0
11,19550909-19550925,19550923,0.0,0
11,19550909-19550925,19550910,205.666666667,1
11,19550909-19550925,19550917,2.5,0
11,19550909-19550925,19550920,15.0,0
11,19550909-19550925,19550919,1864.5,1
142,19960119-19960121,19960121,8.33333333333,0
142,19960119-19960121,19960120,3.33333333333,0
142,19960119-19960121,19960119,51.6666666667,0
103,19851114-19851124,19851122,0.0,0
103,19851114-19851124,19851124,0.0,0
103,19851114-19851124,19851117,0.0,0
103,19851114-19851124,19851115,0.0,0
103,19851114-19851124,19851116,0.0,0
103,19851114-19851124,19851120,185.0,1
103,19851114-19851124,19851123,0.0,0
103,19851114-19851124,19851119,0.0,0
103,19851114-19851124,19851114,0.0,0
103,19851114-19851124,19851118,0.0,0
103,19851114-19851124,19851121,1067.0,1
41,19631015-19631031,19631019,0.0,0
41,19631015-19631031,19631018,0.0,0
41,19631015-19631031,19631020,0.0,0
41,19631015-19631031,19631023,3.25,0
41,19631015-19631031,19631022,3.75,0
41,19631015-19631031,19631025,153.5,1
41,19631015-19631031,19631021,3.25,0
41,19631015-19631031,19631028,6.25,0
41,19631015-19631031,19631026,784.25,1
41,19631015-19631031,19631031,0.0,0
41,19631015-19631031,19631027,25.25,0
41,19631015-19631031,19631016,0.0,0
41,19631015-19631031,19631015,0.0,0
41,19631015-19631031,19631017,0.0,0
41,19631015-19631031,19631029,53.75,0
41,19631015-19631031,19631030,2.0,0
41,19631015-19631031,19631024,9.5,0
114,19880907-19880921,19880908,0.0,0
114,19880907-19880921,19880910,0.0,0
114,19880907-19880921,19880921,0.0,0
114,19880907-19880921,19880920,0.0,0
114,19880907-19880921,19880915,180.0,1
114,19880907-19880921,19880911,0.0,0
114,19880907-19880921,19880912,6.5,0
114,19880907-19880921,19880919,0.0,0
114,19880907-19880921,19880909,0.0,0
114,19880907-19880921,19880914,0.0,0
114,19880907-19880921,19880918,105.5,1
114,19880907-19880921,19880916,1186.0,1
114,19880907-19880921,19880917,0.0,0
114,19880907-19880921,19880913,0.0,0
114,19880907-19880921,19880907,0.0,0
229,20080814-20080829,20080828,34.5,0
229,20080814-20080829,20080827,0.0,0
229,20080814-20080829,20080818,204.5,1
229,20080814-20080829,20080829,33.0,0
229,20080814-20080829,20080820,76.5,0
229,20080814-20080829,20080823,324.0,1
229,20080814-20080829,20080826,209.5,1
229,20080814-20080829,20080824,61.0,0
229,20080814-20080829,20080815,0.0,0
229,20080814-20080829,20080814,0.0,0
229,20080814-20080829,20080816,0.0,0
229,20080814-20080829,20080817,156.0,1
229,20080814-20080829,20080819,1169.5,1
229,20080814-20080829,20080822,53.0,0
229,20080814-20080829,20080821,12.5,0
229,20080814-20080829,20080825,66.0,0
135,19941107-19941122,19941111,0.0,0
135,19941107-19941122,19941112,47.0,0
135,19941107-19941122,19941115,104.0,1
135,19941107-19941122,19941114,26.5,0
135,19941107-19941122,19941117,5.5,0
135,19941107-19941122,19941122,0.0,0
135,19941107-19941122,19941107,0.0,0
135,19941107-19941122,19941119,0.0,0
135,19941107-19941122,19941108,55.5,0
135,19941107-19941122,19941116,121.5,1
135,19941107-19941122,19941120,0.0,0
135,19941107-19941122,19941110,0.0,0
135,19941107-19941122,19941109,4.0,0
135,19941107-19941122,19941121,0.0,0
135,19941107-19941122,19941118,29.0,0
135,19941107-19941122,19941113,6.5,0
100,19830822-19830830,19830830,0.0,0
100,19830822-19830830,19830828,102.0,1
100,19830822-19830830,19830826,0.0,0
100,19830822-19830830,19830823,0.0,0
100,19830822-19830830,19830822,0.0,0
100,19830822-19830830,19830825,38.0,1
100,19830822-19830830,19830827,0.0,0
100,19830822-19830830,19830824,0.0,0
100,19830822-19830830,19830829,3.0,0
12,19550806-19550822,19550817,712.0,1
12,19550806-19550822,19550815,0.0,0
12,19550806-19550822,19550812,313.333333333,1
12,19550806-19550822,19550822,0.0,0
12,19550806-19550822,19550814,8.66666666667,0
12,19550806-19550822,19550809,9.33333333333,0
12,19550806-19550822,19550807,0.0,0
12,19550806-19550822,19550811,740.666666667,1
12,19550806-19550822,19550820,374.333333333,1
12,19550806-19550822,19550806,0.0,0
12,19550806-19550822,19550819,95.6666666667,0
12,19550806-19550822,19550818,5.0,0
12,19550806-19550822,19550808,0.0,0
12,19550806-19550822,19550810,92.0,0
12,19550806-19550822,19550821,83.0,0
12,19550806-19550822,19550813,5.0,0
12,19550806-19550822,19550816,92.3333333333,0
233,20100905-20100910,20100906,132.25,1
233,20100905-20100910,20100905,0.0,0
233,20100905-20100910,20100908,342.75,1
233,20100905-20100910,20100910,1.25,0
233,20100905-20100910,20100907,1010.75,1
233,20100905-20100910,20100909,26.0,0
71,19700911-19700918,19700918,10.0,0
71,19700911-19700918,19700912,171.5,1
71,19700911-19700918,19700913,136.0,1
71,19700911-19700918,19700914,6.5,0
71,19700911-19700918,19700915,803.0,1
71,19700911-19700918,19700911,66.0,0
71,19700911-19700918,19700916,438.0,1
71,19700911-19700918,19700917,174.0,1
20,19570807-19570812,19570811,0.0,0
20,19570807-19570812,19570812,49.5,0
20,19570807-19570812,19570810,187.0,1
20,19570807-19570812,19570808,0.0,0
20,19570807-19570812,19570807,0.0,0
20,19570807-19570812,19570809,45.5,0
217,20060609-20060615,20060609,0.0,0
217,20060609-20060615,20060614,333.0,1
217,20060609-20060615,20060612,0.0,0
217,20060609-20060615,20060615,0.0,0
217,20060609-20060615,20060613,416.5,1
217,20060609-20060615,20060610,0.0,0
217,20060609-20060615,20060611,0.0,0
178,20030627-20030704,20030702,20.2,0
178,20030627-20030704,20030703,43.4,0
178,20030627-20030704,20030704,188.6,1
178,20030627-20030704,20030701,468.0,1
178,20030627-20030704,20030629,233.8,1
178,20030627-20030704,20030630,814.0,1
178,20030627-20030704,20030627,138.0,1
178,20030627-20030704,20030628,247.0,1
110,19860622-19860629,19860627,600.333333333,1
110,19860622-19860629,19860622,13.0,0
110,19860622-19860629,19860629,0.0,0
110,19860622-19860629,19860628,6.0,0
110,19860622-19860629,19860625,11.0,0
110,19860622-19860629,19860623,0.0,0
110,19860622-19860629,19860626,519.666666667,1
110,19860622-19860629,19860624,0.0,0
65,19680531-19680614,19680609,0.0,0
65,19680531-19680614,19680607,0.0,0
65,19680531-19680614,19680603,701.0,1
65,19680531-19680614,19680608,15.0,0
65,19680531-19680614,19680605,131.0,1
65,19680531-19680614,19680613,34.5,0
65,19680531-19680614,19680531,0.0,0
65,19680531-19680614,19680606,0.0,0
65,19680531-19680614,19680611,5.0,0
65,19680531-19680614,19680614,12.5,0
65,19680531-19680614,19680610,369.5,1
65,19680531-19680614,19680601,109.5,0
65,19680531-19680614,19680612,127.0,1
65,19680531-19680614,19680604,323.0,1
65,19680531-19680614,19680602,89.0,0
171,20020913-20020928,20020917,28.0,0
171,20020913-20020928,20020921,65.4,0
171,20020913-20020928,20020918,74.6,0
171,20020913-20020928,20020916,1.0,0
171,20020913-20020928,20020922,130.6,0
171,20020913-20020928,20020914,17.8,0
171,20020913-20020928,20020927,33.2,0
171,20020913-20020928,20020926,1696.0,1
171,20020913-20020928,20020925,1054.0,1
171,20020913-20020928,20020923,124.0,0
171,20020913-20020928,20020913,22.8,0
171,20020913-20020928,20020920,5.0,0
171,20020913-20020928,20020915,7.0,0
171,20020913-20020928,20020919,0.0,0
171,20020913-20020928,20020924,226.0,1
171,20020913-20020928,20020928,0.0,0
75,19710904-19710919,19710919,0.0,0
75,19710904-19710919,19710908,8.0,0
75,19710904-19710919,19710918,589.0,1
75,19710904-19710919,19710904,0.0,0
75,19710904-19710919,19710911,5.0,0
75,19710904-19710919,19710916,0.0,0
75,19710904-19710919,19710915,221.0,1
75,19710904-19710919,19710910,0.0,0
75,19710904-19710919,19710906,0.0,0
75,19710904-19710919,19710912,0.0,0
75,19710904-19710919,19710917,320.0,1
75,19710904-19710919,19710905,0.0,0
75,19710904-19710919,19710913,170.0,1
75,19710904-19710919,19710914,373.0,1
75,19710904-19710919,19710907,0.0,0
75,19710904-19710919,19710909,0.0,0
197,20050703-20050719,20050707,0.0,0
197,20050703-20050719,20050703,215.0,1
197,20050703-20050719,20050717,72.0,0
197,20050703-20050719,20050715,67.0,0
197,20050703-20050719,20050718,33.25,0
197,20050703-20050719,20050713,68.75,0
197,20050703-20050719,20050705,0.0,0
197,20050703-20050719,20050709,370.5,1
197,20050703-20050719,20050719,4.75,0
197,20050703-20050719,20050710,165.25,1
197,20050703-20050719,20050716,90.0,0
197,20050703-20050719,20050708,100.625,0
197,20050703-20050719,20050714,22.375,0
197,20050703-20050719,20050712,52.625,0
197,20050703-20050719,20050706,0.0,0
197,20050703-20050719,20050711,96.5,0
197,20050703-20050719,20050704,1.25,0
163,20000913-20000922,20000920,106.0,0
163,20000913-20000922,20000919,215.333333333,1
163,20000913-20000922,20000916,101.333333333,0
163,20000913-20000922,20000922,0.0,0
163,20000913-20000922,20000913,0.0,0
163,20000913-20000922,20000917,635.666666667,1
163,20000913-20000922,20000914,54.3333333333,0
163,20000913-20000922,20000915,0.0,0
163,20000913-20000922,20000921,104.333333333,0
163,20000913-20000922,20000918,29.6666666667,0
167,20011028-20011107,20011028,0.0,0
167,20011028-20011107,20011030,0.0,0
167,20011028-20011107,20011107,0.0,0
167,20011028-20011107,20011102,1.5,0
167,20011028-20011107,20011106,0.0,0
167,20011028-20011107,20011029,0.0,0
167,20011028-20011107,20011105,25.0,0
167,20011028-20011107,20011031,0.0,0
167,20011028-20011107,20011103,26.5,0
167,20011028-20011107,20011101,21.5,0
167,20011028-20011107,20011104,572.0,1
18,19570624-19570630,19570624,95.5,0
18,19570624-19570630,19570629,0.0,0
18,19570624-19570630,19570630,0.0,0
18,19570624-19570630,19570626,0.0,0
18,19570624-19570630,19570625,0.0,0
18,19570624-19570630,19570628,355.5,1
18,19570624-19570630,19570627,1257.0,1
136,19950602-19950612,19950607,0.0,0
136,19950602-19950612,19950608,0.0,0
136,19950602-19950612,19950609,0.0,0
136,19950602-19950612,19950605,531.0,1
136,19950602-19950612,19950611,145.0,1
136,19950602-19950612,19950603,147.0,1
136,19950602-19950612,19950606,13.0,0
136,19950602-19950612,19950602,0.0,0
136,19950602-19950612,19950612,0.0,0
136,19950602-19950612,19950610,0.0,0
136,19950602-19950612,19950604,46.0,0
209,20050119-20050121,20050119,12.25,0
209,20050119-20050121,20050120,0.0,0
209,20050119-20050121,20050121,0.0,0
48,19640827-19640917,19640908,0.0,0
48,19640827-19640917,19640830,0.0,0
48,19640827-19640917,19640910,755.25,1
48,19640827-19640917,19640916,0.0,0
48,19640827-19640917,19640909,302.75,1
48,19640827-19640917,19640829,376.666666667,1
48,19640827-19640917,19640901,2.0,0
48,19640827-19640917,19640913,31.75,0
48,19640827-19640917,19640905,0.0,0
48,19640827-19640917,19640915,0.0,0
48,19640827-19640917,19640912,477.0,1
48,19640827-19640917,19640914,0.0,0
48,19640827-19640917,19640831,0.0,0
48,19640827-19640917,19640827,4.33333333333,0
48,19640827-19640917,19640917,0.0,0
48,19640827-19640917,19640907,47.25,0
48,19640827-19640917,19640902,0.0,0
48,19640827-19640917,19640911,25.5,0
48,19640827-19640917,19640903,0.0,0
48,19640827-19640917,19640906,0.0,0
48,19640827-19640917,19640904,7.0,0
48,19640827-19640917,19640828,752.666666667,1
56,19660603-19660615,19660612,0.0,0
56,19660603-19660615,19660610,286.0,1
56,19660603-19660615,19660608,5.0,0
56,19660603-19660615,19660604,0.0,0
56,19660603-19660615,19660606,0.0,0
56,19660603-19660615,19660607,0.0,0
56,19660603-19660615,19660614,0.0,0
56,19660603-19660615,19660611,19.0,0
56,19660603-19660615,19660609,531.0,1
56,19660603-19660615,19660605,0.0,0
56,19660603-19660615,19660603,0.0,0
56,19660603-19660615,19660615,203.5,1
56,19660603-19660615,19660613,0.0,0
84,19760808-19760810,19760808,90.75,0
84,19760808-19760810,19760809,451.0,1
84,19760808-19760810,19760810,470.75,1
124,19910815-19910830,19910826,0.0,0
124,19910815-19910830,19910818,3.33333333333,0
124,19910815-19910830,19910828,0.0,0
124,19910815-19910830,19910829,0.0,0
124,19910815-19910830,19910817,0.0,0
124,19910815-19910830,19910823,4.33333333333,0
124,19910815-19910830,19910815,16.0,0
124,19910815-19910830,19910820,65.3333333333,0
124,19910815-19910830,19910821,120.333333333,1
124,19910815-19910830,19910824,52.3333333333,0
124,19910815-19910830,19910816,0.0,0
124,19910815-19910830,19910830,0.0,0
124,19910815-19910830,19910822,0.0,0
124,19910815-19910830,19910825,0.0,0
124,19910815-19910830,19910819,745.333333333,1
124,19910815-19910830,19910827,0.0,0
45,19640804-19640809,19640805,0.0,0
45,19640804-19640809,19640809,30.5,0
45,19640804-19640809,19640804,0.0,0
45,19640804-19640809,19640806,190.75,1
45,19640804-19640809,19640808,238.25,1
45,19640804-19640809,19640807,207.0,1
212,20060609-20060620,20060609,0.0,0
212,20060609-20060620,20060614,3.0,0
212,20060609-20060620,20060612,153.5,1
212,20060609-20060620,20060610,0.0,0
212,20060609-20060620,20060615,0.0,0
212,20060609-20060620,20060619,54.5,0
212,20060609-20060620,20060620,1.5,0
212,20060609-20060620,20060617,0.0,0
212,20060609-20060620,20060618,6.5,0
212,20060609-20060620,20060616,0.0,0
212,20060609-20060620,20060611,56.0,0
212,20060609-20060620,20060613,308.5,1
155,19980914-19981002,19980928,0.0,0
155,19980914-19981002,19980922,0.0,0
155,19980914-19981002,19980921,0.0,0
155,19980914-19981002,19980929,0.0,0
155,19980914-19981002,19981001,0.0,0
155,19980914-19981002,19980924,15.0,0
155,19980914-19981002,19980930,0.0,0
155,19980914-19981002,19981002,0.0,0
155,19980914-19981002,19980917,93.0,1
155,19980914-19981002,19980915,145.0,1
155,19980914-19981002,19980923,16.5,0
155,19980914-19981002,19980919,4.0,0
155,19980914-19981002,19980914,44.5,0
155,19980914-19981002,19980920,40.5,0
155,19980914-19981002,19980916,185.5,1
155,19980914-19981002,19980918,80.0,1
202,20050702-20050712,20050705,2.0,0
202,20050702-20050712,20050709,38.3333333333,0
202,20050702-20050712,20050707,28.0,0
202,20050702-20050712,20050703,95.6666666667,0
202,20050702-20050712,20050702,0.0,0
202,20050702-20050712,20050712,0.0,0
202,20050702-20050712,20050708,0.0,0
202,20050702-20050712,20050706,842.666666667,1
202,20050702-20050712,20050711,534.333333333,1
202,20050702-20050712,20050710,12.6666666667,0
202,20050702-20050712,20050704,0.0,0
67,19690813-19690823,19690823,12.5,0
67,19690813-19690823,19690813,0.0,0
67,19690813-19690823,19690820,0.0,0
67,19690813-19690823,19690816,0.0,0
67,19690813-19690823,19690821,87.5,0
67,19690813-19690823,19690814,6.5,0
67,19690813-19690823,19690815,0.0,0
67,19690813-19690823,19690822,344.0,1
67,19690813-19690823,19690817,175.5,1
67,19690813-19690823,19690819,0.0,0
67,19690813-19690823,19690818,1580.0,1
19,19570915-19570920,19570919,554.8,1
19,19570915-19570920,19570916,118.8,0
19,19570915-19570920,19570920,79.2,0
19,19570915-19570920,19570915,91.4,0
19,19570915-19570920,19570918,2055.0,1
19,19570915-19570920,19570917,135.8,0
63,19680621-19680627,19680624,602.5,1
63,19680621-19680627,19680623,606.166666667,1
63,19680621-19680627,19680626,164.666666667,1
63,19680621-19680627,19680621,273.666666667,1
63,19680621-19680627,19680622,134.666666667,1
63,19680621-19680627,19680627,4.33333333333,0
63,19680621-19680627,19680625,2.16666666667,0
162,19990823-19990909,19990830,1497.66666667,1
162,19990823-19990909,19990826,210.0,1
162,19990823-19990909,19990831,29.6666666667,0
162,19990823-19990909,19990908,51.6666666667,0
162,19990823-19990909,19990823,0.0,0
162,19990823-19990909,19990829,13.6666666667,0
162,19990823-19990909,19990909,28.0,0
162,19990823-19990909,19990904,758.666666667,1
162,19990823-19990909,19990827,130.333333333,1
162,19990823-19990909,19990901,20.3333333333,0
162,19990823-19990909,19990906,15.3333333333,0
162,19990823-19990909,19990907,59.3333333333,0
162,19990823-19990909,19990828,37.6666666667,0
162,19990823-19990909,19990902,17.0,0
162,19990823-19990909,19990905,220.0,1
162,19990823-19990909,19990825,85.0,0
162,19990823-19990909,19990903,78.0,0
162,19990823-19990909,19990824,0.0,0
185,20040802-20040815,20040804,0.0,0
185,20040802-20040815,20040806,0.0,0
185,20040802-20040815,20040808,13.0,0
185,20040802-20040815,20040814,229.0,1
185,20040802-20040815,20040807,566.0,1
185,20040802-20040815,20040813,508.0,1
185,20040802-20040815,20040810,3.0,0
185,20040802-20040815,20040815,33.0,0
185,20040802-20040815,20040812,81.0,0
185,20040802-20040815,20040805,38.0,0
185,20040802-20040815,20040811,0.0,0
185,20040802-20040815,20040802,5.0,0
185,20040802-20040815,20040809,381.0,1
185,20040802-20040815,20040803,0.0,0
16,19560611-19560616,19560613,440.5,1
16,19560611-19560616,19560611,11.2,0
16,19560611-19560616,19560612,316.25,1
16,19560611-19560616,19560614,111.6,0
16,19560611-19560616,19560615,340.4,1
16,19560611-19560616,19560616,205.2,1
126,19920815-19920829,19920823,30.0,0
126,19920815-19920829,19920826,1600.0,1
126,19920815-19920829,19920825,0.0,0
126,19920815-19920829,19920829,0.0,0
126,19920815-19920829,19920821,0.0,0
126,19920815-19920829,19920820,5.0,0
126,19920815-19920829,19920815,86.0,0
126,19920815-19920829,19920818,0.0,0
126,19920815-19920829,19920827,132.0,0
126,19920815-19920829,19920824,0.0,0
126,19920815-19920829,19920819,66.0,0
126,19920815-19920829,19920828,0.0,0
126,19920815-19920829,19920822,56.0,0
126,19920815-19920829,19920816,0.0,0
126,19920815-19920829,19920817,0.0,0
93,19790829-19790903,19790830,38.75,0
93,19790829-19790903,19790831,51.25,0
93,19790829-19790903,19790902,243.25,1
93,19790829-19790903,19790903,85.75,0
93,19790829-19790903,19790829,75.75,0
93,19790829-19790903,19790901,251.0,1
91,19790708-19790717,19790717,67.6666666667,0
91,19790708-19790717,19790709,41.0,0
91,19790708-19790717,19790716,17.6666666667,0
91,19790708-19790717,19790714,45.0,0
91,19790708-19790717,19790708,448.0,1
91,19790708-19790717,19790715,7.66666666667,0
91,19790708-19790717,19790712,105.333333333,0
91,19790708-19790717,19790713,118.333333333,0
91,19790708-19790717,19790710,252.333333333,1
91,19790708-19790717,19790711,707.0,1
